﻿<krpano onstart="" basedir="%FIRSTXML%" logkey="False" actionintervalbase="frame" Name="生产区 Production Area" Date="2014-12-5" LockTF="True" GoogleMapTF="False" HotspotAutoTF="True" HotspotAutoByTF="True" Intro="" TypeID=""><preview url="s.jpg" /><image type="CUBE" multires="false"><left url="cube/b_l.jpg" /><front url="cube/b_f.jpg" /><right url="cube/b_r.jpg" /><back url="cube/b_b.jpg" /><up url="cube/b_u.jpg" /><down url="cube/b_d.jpg" /></image><view fovtype="DFOV" maxpixelzoom="" hlookat="-215.72" vlookat="0.00" fov="120.00" fovmin="90" fovmax="120" limitview="range" hlookatmin="-180" hlookatmax="180" vlookatmin="-60" vlookatmax="60" camroll="0.0" fisheyefovlink="0.0" fisheye="0.0" stereographic="True" pannini="True" architectural="0.0" architecturalonlymiddle="True" /><events onxmlcomplete="_onxmlcomplete();_setmap(get(SSet.Scene_ID));_setthumbs(get(SSet.Scene_ID));_playscenesound();" onpreviewcomplete="_onpreviewcomplete();playsound(asound, %FIRSTXML%/Accessories/nosound.mp3, 1, _loadautoscene(get(SSet.Next_Scene_ID)));" onloadcomplete="_onloadcomplete();" onclick="//_onclick();" onmousedown="//_onmousedown();" onmouseup="//_onmouseup();" onkeydown="_onkeydown();" onkeyup="_onkeyup();" onnewpano="_onnewpano();" onremovepano="_onremovepano();" /><SSet Scene_ID="13" Scene_Name="生产区 Production Area" TypeID="" ThumbTF="True" GoogleMapTF="False" Prev_Scene_ID="11" Next_Scene_ID="13" Order="12" Key="" SearchTF="False" Intro="" /><BKSound mp3file="" volume="1.0" pan="0.0" loops="1" oncomplete="" /><CustomMap enable="False" lng="0" lat="0" zoom="1" /><Google GoogleMapTF="False" lng="0" lat="0" zoom="1" heading="0" height="1" /><action name="_playscenesound"></action><hotspot T_Type="Image" name="样品间 Display Area" zorder="1" alpha="1.0" blendmode="NORMAL" url="%FIRSTXML%scene/13/Hotspot/hotspot.png" ath="-304.83" atv="7.12" ox="0" oy="0" width="" height="" rx="0" ry="0" rz="0" refreshrate="" mask="" rotate="0" scale="1.00" zoom="False" smoothing="True" distorted="False" rotatewithview="False" visible="True" enabled="True" capture="False" handcursor="True" T_FlyingTF="False" flying="0" T_FlyingScale="1.0" T_Hint="样品间 Display Area" style="0" effect="" crop="" onovercrop="" ondowncrop="" scale9grid="" devices="all" alturl="%FIRSTXML%scene/13/Hotspot/hotspot.png" altscale="1.00" jsborder="" altonloaded="" html="" css="" autosize="none" background="False" backgroundcolor="0xFFFFFF" bordercolor="0xFFFFFF" borderwidth="0" roundedge="0" selectable="False" glow="0" glowcolor="0xFFFFFF" blur="0" shadow="0" textglow="0" textblur="0" textglowcolor="0xFFFFFF" textshadow="" fillcolor="0xFFFFFF" fillcolorhover="0xFFFFFF" fillalpha="0.0" fillalphahover="0.2" borderwidthhover="2" bordercolorhover="0xFFFFFF" borderalpha="0.0" borderalphahover="0.8" posterurl="" videourl="" altvideourl="" volume="1" range="" directionalsound="False" buffertime="0.1" loop="True" pausedonstart="False" updateeveryframe="True" onvideocomplete="" T_Scene_ID="9" T_Scene_ID_type="moveto(get(ath),0,smooth());loadpano(%FIRSTXML%scene/{Scene_ID}/scene.xml, view.hlookat={hlookat}&amp;view.vlookat={vlookat}&amp;view.fov=120, MERGE, ZOOMBLEND({seconds},{zoom}),);delayedcall(1,lookto({hlookat},{vlookat},{fov}));" T_Scene_ID_hlookat="-211.41" T_Scene_ID_vlookat="0.00" T_Scene_ID_fov="120.00" T_seconds="1.5" T_zoom="10" onclick="moveto(get(ath),0,smooth());loadpano(%FIRSTXML%scene/9/scene.xml, view.hlookat=-211.41&amp;view.vlookat=0.00&amp;view.fov=120, MERGE, ZOOMBLEND(1.5,10),);delayedcall(1,lookto(-211.41,0.00,120.00));" onover="set(back_auto,get(autorotate.enabled));set(autorotate.enabled,false);" onhover="showtext(get(T_Hint));//_showtxtcontent(get(name),get(T_Hint));" onout="set(autorotate.enabled,get(back_auto));set(plugin[p_box].visible,false);" ondown="" onup="" T_AutoTF="False" /><hotspot T_Type="Image" name="老化区 Testing Area" zorder="1" alpha="1" blendmode="NORMAL" url="%FIRSTXML%scene/13/Hotspot/right.png" ath="235.34273786654683" atv="5.162766193181094" ox="0" oy="0" width="40" height="34" rx="0" ry="0" rz="0.14202971549501553" refreshrate="" mask="" rotate="0" scale="1" zoom="False" smoothing="True" distorted="False" rotatewithview="False" visible="True" enabled="True" capture="False" handcursor="True" T_FlyingTF="False" flying="0" T_FlyingScale="1.0" T_Hint="老化区 Testing Area" style="0" effect="" crop="" onovercrop="" ondowncrop="" scale9grid="" devices="all" alturl="%FIRSTXML%scene/13/Hotspot/right.png" altscale="1" jsborder="" altonloaded="" html="" css="" autosize="none" background="False" backgroundcolor="0xFFFFFF" bordercolor="0xFFFFFF" borderwidth="0" roundedge="0" selectable="False" glow="0" glowcolor="0xFFFFFF" blur="0" shadow="0" textglow="0" textblur="0" textglowcolor="0xFFFFFF" textshadow="" fillcolor="0xFFFFFF" fillcolorhover="0xFFFFFF" fillalpha="0.0" fillalphahover="0.2" borderwidthhover="2" bordercolorhover="0xFFFFFF" borderalpha="0.0" borderalphahover="0.8" posterurl="" videourl="" altvideourl="" volume="1" range="" directionalsound="False" buffertime="0.1" loop="True" pausedonstart="False" updateeveryframe="True" onvideocomplete="" T_Scene_ID="14" T_Scene_ID_type="moveto(get(ath),0,smooth());loadpano(%FIRSTXML%scene/{Scene_ID}/scene.xml, view.hlookat={hlookat}&amp;view.vlookat={vlookat}&amp;view.fov=120, MERGE, ZOOMBLEND({seconds},{zoom}),);delayedcall(1,lookto({hlookat},{vlookat},{fov}));" T_Scene_ID_hlookat="149.80" T_Scene_ID_vlookat="0.00" T_Scene_ID_fov="120.00" T_seconds="1.5" T_zoom="10" onclick="moveto(get(ath),0,smooth());loadpano(%FIRSTXML%scene/14/scene.xml, view.hlookat=149.80&amp;view.vlookat=0.00&amp;view.fov=120, MERGE, ZOOMBLEND(1.5,10),);delayedcall(1,lookto(149.80,0.00,120.00));" onover="set(back_auto,get(autorotate.enabled));set(autorotate.enabled,false);" onhover="showtext(get(T_Hint));//_showtxtcontent(get(name),get(T_Hint));" onout="set(autorotate.enabled,get(back_auto));set(plugin[p_box].visible,false);" ondown="" onup="" T_AutoTF="False" /></krpano>