﻿<Tour><Type></Type><Scene><sceneitem tourid="10" sceneid="1" type="" name="sl_1" title="前台 Front desk" key="" SearchTF="False" Date="2014-12-5" HotspotAutoTF="True" HotspotAutoByTF="True" GoogleMapTF="False" Prev_Scene_ID="14" Next_Scene_ID="2" Intro="" lng="0" lat="0" zoom="1" heading="0" height="1" ThumbTF="True" /><sceneitem tourid="10" sceneid="2" type="" name="sl_2" title="办公区 Office Area" key="" SearchTF="False" Date="2014-12-5" HotspotAutoTF="True" HotspotAutoByTF="True" GoogleMapTF="False" Prev_Scene_ID="1" Next_Scene_ID="3" Intro="" lng="0" lat="0" zoom="1" heading="0" height="1" ThumbTF="True" /><sceneitem tourid="10" sceneid="3" type="" name="sl_3" title="总经办 GM Office" key="" SearchTF="False" Date="2014-12-5" HotspotAutoTF="True" HotspotAutoByTF="True" GoogleMapTF="False" Prev_Scene_ID="2" Next_Scene_ID="4" Intro="" lng="0" lat="0" zoom="1" heading="0" height="1" ThumbTF="True" /><sceneitem tourid="10" sceneid="4" type="" name="sl_4" title="会议室 Meeting Room" key="" SearchTF="False" Date="2014-12-5" HotspotAutoTF="True" HotspotAutoByTF="True" GoogleMapTF="False" Prev_Scene_ID="3" Next_Scene_ID="5" Intro="" lng="0" lat="0" zoom="1" heading="0" height="1" ThumbTF="True" /><sceneitem tourid="10" sceneid="5" type="" name="sl_5" title="仓库 Warehouse 1" key="" SearchTF="False" Date="2014-12-5" HotspotAutoTF="True" HotspotAutoByTF="True" GoogleMapTF="False" Prev_Scene_ID="4" Next_Scene_ID="6" Intro="" lng="0" lat="0" zoom="1" heading="0" height="1" ThumbTF="True" /><sceneitem tourid="10" sceneid="6" type="" name="sl_6" title="电子仓 Warehouse 2" key="" SearchTF="False" Date="2014-12-5" HotspotAutoTF="True" HotspotAutoByTF="True" GoogleMapTF="False" Prev_Scene_ID="5" Next_Scene_ID="7" Intro="" lng="0" lat="0" zoom="1" heading="0" height="1" ThumbTF="True" /><sceneitem tourid="10" sceneid="7" type="" name="sl_7" title="前门 Entrance" key="" SearchTF="False" Date="2014-12-5" HotspotAutoTF="True" HotspotAutoByTF="True" GoogleMapTF="False" Prev_Scene_ID="6" Next_Scene_ID="8" Intro="" lng="0" lat="0" zoom="1" heading="0" height="1" ThumbTF="True" /><sceneitem tourid="10" sceneid="9" type="" name="sl_9" title="样品间 Display Area" key="" SearchTF="False" Date="2014-12-5" HotspotAutoTF="True" HotspotAutoByTF="True" GoogleMapTF="False" Prev_Scene_ID="7" Next_Scene_ID="9" Intro="" lng="0" lat="0" zoom="1" heading="0" height="1" ThumbTF="True" /><sceneitem tourid="10" sceneid="10" type="" name="sl_10" title="喷漆房 Spray Room" key="" SearchTF="False" Date="2014-12-5" HotspotAutoTF="True" HotspotAutoByTF="True" GoogleMapTF="False" Prev_Scene_ID="8" Next_Scene_ID="10" Intro="" lng="0" lat="0" zoom="1" heading="0" height="1" ThumbTF="True" /><sceneitem tourid="10" sceneid="11" type="" name="sl_11" title="技术办公区 Technical Dept." key="" SearchTF="False" Date="2014-12-5" HotspotAutoTF="True" HotspotAutoByTF="True" GoogleMapTF="False" Prev_Scene_ID="9" Next_Scene_ID="11" Intro="" lng="0" lat="0" zoom="1" heading="0" height="1" ThumbTF="True" /><sceneitem tourid="10" sceneid="12" type="" name="sl_12" title="技术研发区 R&amp;D Area" key="" SearchTF="False" Date="2014-12-5" HotspotAutoTF="True" HotspotAutoByTF="True" GoogleMapTF="False" Prev_Scene_ID="10" Next_Scene_ID="12" Intro="" lng="0" lat="0" zoom="1" heading="0" height="1" ThumbTF="True" /><sceneitem tourid="10" sceneid="13" type="" name="sl_13" title="生产区 Production Area" key="" SearchTF="False" Date="2014-12-5" HotspotAutoTF="True" HotspotAutoByTF="True" GoogleMapTF="False" Prev_Scene_ID="11" Next_Scene_ID="13" Intro="" lng="0" lat="0" zoom="1" heading="0" height="1" ThumbTF="True" /><sceneitem tourid="10" sceneid="14" type="" name="sl_14" title="老化区 Testing Area" key="" SearchTF="False" Date="2014-12-5" HotspotAutoTF="True" HotspotAutoByTF="True" GoogleMapTF="False" Prev_Scene_ID="12" Next_Scene_ID="14" Intro="" lng="0" lat="0" zoom="1" heading="0" height="1" ThumbTF="True" /><sceneitem tourid="10" sceneid="15" type="" name="sl_15" title="实验室 Lab" key="" SearchTF="False" Date="2014-12-5" HotspotAutoTF="True" HotspotAutoByTF="True" GoogleMapTF="False" Prev_Scene_ID="13" Next_Scene_ID="1" Intro="" lng="0" lat="0" zoom="1" heading="0" height="1" ThumbTF="True" /></Scene></Tour>