﻿<krpano onstart="" basedir="%FIRSTXML%" logkey="False" actionintervalbase="frame" Name="样品间 Display Area" Date="2014-12-5" LockTF="True" GoogleMapTF="False" HotspotAutoTF="True" HotspotAutoByTF="True" Intro="" TypeID=""><preview url="s.jpg" /><image type="CUBE" multires="false"><left url="cube/b_l.jpg" /><front url="cube/b_f.jpg" /><right url="cube/b_r.jpg" /><back url="cube/b_b.jpg" /><up url="cube/b_u.jpg" /><down url="cube/b_d.jpg" /></image><view fovtype="DFOV" maxpixelzoom="" hlookat="-211.41" vlookat="0.00" fov="120.00" fovmin="90" fovmax="120" limitview="range" hlookatmin="-180" hlookatmax="180" vlookatmin="-60" vlookatmax="60" camroll="0.0" fisheyefovlink="0.0" fisheye="0.0" stereographic="True" pannini="True" architectural="0.0" architecturalonlymiddle="True" /><events onxmlcomplete="_onxmlcomplete();_setmap(get(SSet.Scene_ID));_setthumbs(get(SSet.Scene_ID));_playscenesound();" onpreviewcomplete="_onpreviewcomplete();playsound(asound, %FIRSTXML%/Accessories/nosound.mp3, 1, _loadautoscene(get(SSet.Next_Scene_ID)));" onloadcomplete="_onloadcomplete();" onclick="//_onclick();" onmousedown="//_onmousedown();" onmouseup="//_onmouseup();" onkeydown="_onkeydown();" onkeyup="_onkeyup();" onnewpano="_onnewpano();" onremovepano="_onremovepano();" /><SSet Scene_ID="9" Scene_Name="样品间 Display Area" TypeID="" ThumbTF="True" GoogleMapTF="False" Prev_Scene_ID="7" Next_Scene_ID="9" Order="8" Key="" SearchTF="False" Intro="" /><BKSound mp3file="" volume="1.0" pan="0.0" loops="1" oncomplete="" /><CustomMap enable="False" lng="0" lat="0" zoom="1" /><Google GoogleMapTF="False" lng="0" lat="0" zoom="1" heading="0" height="1" /><action name="_playscenesound"></action><hotspot T_Type="Image" name="前门 Entrance" zorder="1" alpha="1" blendmode="NORMAL" url="%FIRSTXML%scene/7/Hotspot/hotspot.png" ath="102.03428238912536" atv="19.6069311889136" ox="0" oy="0" width="34" height="34" rx="0" ry="0" rz="-0.23083101594975056" refreshrate="" mask="" rotate="0" scale="1" zoom="False" smoothing="True" distorted="False" rotatewithview="False" visible="True" enabled="True" capture="False" handcursor="True" T_FlyingTF="False" flying="0" T_FlyingScale="1.0" T_Hint="前门 Entrance" style="0" effect="" crop="" onovercrop="" ondowncrop="" scale9grid="" devices="all" alturl="%FIRSTXML%scene/7/Hotspot/hotspot.png" altscale="1" jsborder="" altonloaded="" html="" css="" autosize="none" background="False" backgroundcolor="0xFFFFFF" bordercolor="0xFFFFFF" borderwidth="0" roundedge="0" selectable="False" glow="0" glowcolor="0xFFFFFF" blur="0" shadow="0" textglow="0" textblur="0" textglowcolor="0xFFFFFF" textshadow="" fillcolor="0xFFFFFF" fillcolorhover="0xFFFFFF" fillalpha="0.0" fillalphahover="0.2" borderwidthhover="2" bordercolorhover="0xFFFFFF" borderalpha="0.0" borderalphahover="0.8" posterurl="" videourl="" altvideourl="" volume="1" range="" directionalsound="False" buffertime="0.1" loop="True" pausedonstart="False" updateeveryframe="True" onvideocomplete="" T_Scene_ID="7" T_Scene_ID_type="moveto(get(ath),0,smooth());loadpano(%FIRSTXML%scene/{Scene_ID}/scene.xml, view.hlookat={hlookat}&amp;view.vlookat={vlookat}&amp;view.fov=120, MERGE, ZOOMBLEND({seconds},{zoom}),);delayedcall(1,lookto({hlookat},{vlookat},{fov}));" T_Scene_ID_hlookat="-58.08" T_Scene_ID_vlookat="0.00" T_Scene_ID_fov="120.00" T_seconds="1.5" T_zoom="10" onclick="moveto(get(ath),0,smooth());loadpano(%FIRSTXML%scene/7/scene.xml, view.hlookat=-58.08&amp;view.vlookat=0.00&amp;view.fov=120, MERGE, ZOOMBLEND(1.5,10),);delayedcall(1,lookto(-58.08,0.00,120.00));" onover="set(back_auto,get(autorotate.enabled));set(autorotate.enabled,false);" onhover="showtext(get(T_Hint));//_showtxtcontent(get(name),get(T_Hint));" onout="set(autorotate.enabled,get(back_auto));set(plugin[p_box].visible,false);" ondown="" onup="" T_AutoTF="False" /><hotspot T_Type="Image" name="老化区 Testing Area" zorder="1" alpha="1" blendmode="NORMAL" url="%FIRSTXML%scene/7/Hotspot/hotspot.png" ath="249.8749170720448" atv="5.195706416125518" ox="0" oy="0" width="34" height="34" rx="0" ry="0" rz="0.0722441662472771" refreshrate="" mask="" rotate="0" scale="1" zoom="False" smoothing="True" distorted="False" rotatewithview="False" visible="True" enabled="True" capture="False" handcursor="True" T_FlyingTF="False" flying="0" T_FlyingScale="1.0" T_Hint="老化区 Testing Area" style="0" effect="" crop="" onovercrop="" ondowncrop="" scale9grid="" devices="all" alturl="%FIRSTXML%scene/7/Hotspot/hotspot.png" altscale="1" jsborder="" altonloaded="" html="" css="" autosize="none" background="False" backgroundcolor="0xFFFFFF" bordercolor="0xFFFFFF" borderwidth="0" roundedge="0" selectable="False" glow="0" glowcolor="0xFFFFFF" blur="0" shadow="0" textglow="0" textblur="0" textglowcolor="0xFFFFFF" textshadow="" fillcolor="0xFFFFFF" fillcolorhover="0xFFFFFF" fillalpha="0.0" fillalphahover="0.2" borderwidthhover="2" bordercolorhover="0xFFFFFF" borderalpha="0.0" borderalphahover="0.8" posterurl="" videourl="" altvideourl="" volume="1" range="" directionalsound="False" buffertime="0.1" loop="True" pausedonstart="False" updateeveryframe="True" onvideocomplete="" T_Scene_ID="14" T_Scene_ID_type="moveto(get(ath),0,smooth());loadpano(%FIRSTXML%scene/{Scene_ID}/scene.xml, view.hlookat={hlookat}&amp;view.vlookat={vlookat}&amp;view.fov=120, MERGE, ZOOMBLEND({seconds},{zoom}),);delayedcall(1,lookto({hlookat},{vlookat},{fov}));" T_Scene_ID_hlookat="154.04" T_Scene_ID_vlookat="0.00" T_Scene_ID_fov="120.00" T_seconds="1.5" T_zoom="10" onclick="moveto(get(ath),0,smooth());loadpano(%FIRSTXML%scene/14/scene.xml, view.hlookat=154.04&amp;view.vlookat=0.00&amp;view.fov=120, MERGE, ZOOMBLEND(1.5,10),);delayedcall(1,lookto(154.04,0.00,120.00));" onover="set(back_auto,get(autorotate.enabled));set(autorotate.enabled,false);" onhover="showtext(get(T_Hint));//_showtxtcontent(get(name),get(T_Hint));" onout="set(autorotate.enabled,get(back_auto));set(plugin[p_box].visible,false);" ondown="" onup="" T_AutoTF="False" /><hotspot T_Type="Image" name="喷漆房 Spray Room" zorder="1" alpha="1" blendmode="NORMAL" url="%FIRSTXML%scene/7/Hotspot/hotspot.png" ath="265.7541277177526" atv="6.457389123258238" ox="0" oy="0" width="34" height="34" rx="0" ry="0" rz="-0.24994621127354025" refreshrate="" mask="" rotate="0" scale="1" zoom="False" smoothing="True" distorted="False" rotatewithview="False" visible="True" enabled="True" capture="False" handcursor="True" T_FlyingTF="False" flying="0" T_FlyingScale="1.0" T_Hint="喷漆房 Spray Room" style="0" effect="" crop="" onovercrop="" ondowncrop="" scale9grid="" devices="all" alturl="%FIRSTXML%scene/7/Hotspot/hotspot.png" altscale="1" jsborder="" altonloaded="" html="" css="" autosize="none" background="False" backgroundcolor="0xFFFFFF" bordercolor="0xFFFFFF" borderwidth="0" roundedge="0" selectable="False" glow="0" glowcolor="0xFFFFFF" blur="0" shadow="0" textglow="0" textblur="0" textglowcolor="0xFFFFFF" textshadow="" fillcolor="0xFFFFFF" fillcolorhover="0xFFFFFF" fillalpha="0.0" fillalphahover="0.2" borderwidthhover="2" bordercolorhover="0xFFFFFF" borderalpha="0.0" borderalphahover="0.8" posterurl="" videourl="" altvideourl="" volume="1" range="" directionalsound="False" buffertime="0.1" loop="True" pausedonstart="False" updateeveryframe="True" onvideocomplete="" T_Scene_ID="10" T_Scene_ID_type="moveto(get(ath),0,smooth());loadpano(%FIRSTXML%scene/{Scene_ID}/scene.xml, view.hlookat={hlookat}&amp;view.vlookat={vlookat}&amp;view.fov=120, MERGE, ZOOMBLEND({seconds},{zoom}),);delayedcall(1,lookto({hlookat},{vlookat},{fov}));" T_Scene_ID_hlookat="-78.29" T_Scene_ID_vlookat="0.00" T_Scene_ID_fov="120.00" T_seconds="1.5" T_zoom="10" onclick="moveto(get(ath),0,smooth());loadpano(%FIRSTXML%scene/10/scene.xml, view.hlookat=-78.29&amp;view.vlookat=0.00&amp;view.fov=120, MERGE, ZOOMBLEND(1.5,10),);delayedcall(1,lookto(-78.29,0.00,120.00));" onover="set(back_auto,get(autorotate.enabled));set(autorotate.enabled,false);" onhover="showtext(get(T_Hint));//_showtxtcontent(get(name),get(T_Hint));" onout="set(autorotate.enabled,get(back_auto));set(plugin[p_box].visible,false);" ondown="" onup="" T_AutoTF="False" /><hotspot T_Type="Image" name="技术办公区 Technical Dept" zorder="1" alpha="1" blendmode="NORMAL" url="%FIRSTXML%scene/7/Hotspot/hotspot.png" ath="-49.56964595757859" atv="5.4362711000469455" ox="0" oy="0" width="34" height="34" rx="0" ry="0" rz="-0.6033756770037756" refreshrate="" mask="" rotate="0" scale="1" zoom="False" smoothing="True" distorted="False" rotatewithview="False" visible="True" enabled="True" capture="False" handcursor="True" T_FlyingTF="False" flying="0" T_FlyingScale="1.0" T_Hint="技术办公区 Technical Dept." style="0" effect="" crop="" onovercrop="" ondowncrop="" scale9grid="" devices="all" alturl="%FIRSTXML%scene/7/Hotspot/hotspot.png" altscale="1" jsborder="" altonloaded="" html="" css="" autosize="none" background="False" backgroundcolor="0xFFFFFF" bordercolor="0xFFFFFF" borderwidth="0" roundedge="0" selectable="False" glow="0" glowcolor="0xFFFFFF" blur="0" shadow="0" textglow="0" textblur="0" textglowcolor="0xFFFFFF" textshadow="" fillcolor="0xFFFFFF" fillcolorhover="0xFFFFFF" fillalpha="0.0" fillalphahover="0.2" borderwidthhover="2" bordercolorhover="0xFFFFFF" borderalpha="0.0" borderalphahover="0.8" posterurl="" videourl="" altvideourl="" volume="1" range="" directionalsound="False" buffertime="0.1" loop="True" pausedonstart="False" updateeveryframe="True" onvideocomplete="" T_Scene_ID="11" T_Scene_ID_type="moveto(get(ath),0,smooth());loadpano(%FIRSTXML%scene/{Scene_ID}/scene.xml, view.hlookat={hlookat}&amp;view.vlookat={vlookat}&amp;view.fov=120, MERGE, ZOOMBLEND({seconds},{zoom}),);delayedcall(1,lookto({hlookat},{vlookat},{fov}));" T_Scene_ID_hlookat="128.62" T_Scene_ID_vlookat="0.00" T_Scene_ID_fov="120.00" T_seconds="1.5" T_zoom="10" onclick="moveto(get(ath),0,smooth());loadpano(%FIRSTXML%scene/11/scene.xml, view.hlookat=128.62&amp;view.vlookat=0.00&amp;view.fov=120, MERGE, ZOOMBLEND(1.5,10),);delayedcall(1,lookto(128.62,0.00,120.00));" onover="set(back_auto,get(autorotate.enabled));set(autorotate.enabled,false);" onhover="showtext(get(T_Hint));//_showtxtcontent(get(name),get(T_Hint));" onout="set(autorotate.enabled,get(back_auto));set(plugin[p_box].visible,false);" ondown="" onup="" T_AutoTF="False" /><hotspot T_Type="Image" name="生产区 Production Area" zorder="1" alpha="1" blendmode="NORMAL" url="%FIRSTXML%scene/9/Hotspot/right.png" ath="186.75440085548587" atv="3.4284172534576766" ox="0" oy="0" width="40" height="34" rx="0" ry="0" rz="0.06327983497591183" refreshrate="" mask="" rotate="0" scale="1" zoom="False" smoothing="True" distorted="False" rotatewithview="False" visible="True" enabled="True" capture="False" handcursor="True" T_FlyingTF="False" flying="0" T_FlyingScale="1.0" T_Hint="生产区 Production Area" style="0" effect="" crop="" onovercrop="" ondowncrop="" scale9grid="" devices="all" alturl="%FIRSTXML%scene/7/Hotspot/right.png" altscale="1" jsborder="" altonloaded="" html="" css="" autosize="none" background="False" backgroundcolor="0xFFFFFF" bordercolor="0xFFFFFF" borderwidth="0" roundedge="0" selectable="False" glow="0" glowcolor="0xFFFFFF" blur="0" shadow="0" textglow="0" textblur="0" textglowcolor="0xFFFFFF" textshadow="" fillcolor="0xFFFFFF" fillcolorhover="0xFFFFFF" fillalpha="0.0" fillalphahover="0.2" borderwidthhover="2" bordercolorhover="0xFFFFFF" borderalpha="0.0" borderalphahover="0.8" posterurl="" videourl="" altvideourl="" volume="1" range="" directionalsound="False" buffertime="0.1" loop="True" pausedonstart="False" updateeveryframe="True" onvideocomplete="" T_Scene_ID="13" T_Scene_ID_type="moveto(get(ath),0,smooth());loadpano(%FIRSTXML%scene/{Scene_ID}/scene.xml, view.hlookat={hlookat}&amp;view.vlookat={vlookat}&amp;view.fov=120, MERGE, ZOOMBLEND({seconds},{zoom}),);delayedcall(1,lookto({hlookat},{vlookat},{fov}));" T_Scene_ID_hlookat="-215.72" T_Scene_ID_vlookat="0.00" T_Scene_ID_fov="120.00" T_seconds="1.5" T_zoom="10" onclick="moveto(get(ath),0,smooth());loadpano(%FIRSTXML%scene/13/scene.xml, view.hlookat=-215.72&amp;view.vlookat=0.00&amp;view.fov=120, MERGE, ZOOMBLEND(1.5,10),);delayedcall(1,lookto(-215.72,0.00,120.00));" onover="set(back_auto,get(autorotate.enabled));set(autorotate.enabled,false);" onhover="showtext(get(T_Hint));//_showtxtcontent(get(name),get(T_Hint));" onout="set(autorotate.enabled,get(back_auto));set(plugin[p_box].visible,false);" ondown="" onup="" T_AutoTF="False" /></krpano>