﻿<krpano><plugin name="tb_select_1" url="" zorder="99" alpha="1" blendmode="NORMAL" align="left" edge="center" y="0" ox="78" oy="0" width="150" height="56" refreshrate="" scale="1" smoothing="True" mask="" rotate="0" visible="True" enabled="True" capture="False" handcursor="True" keep="True" children="True" preload="False" effect="glow(0x00FFFF,0.7,4,4)" onloaded="set(effect,glow(0xFF0000,0.7,4,4););" /><layer name="c_ly_1_0" keep="true" type="container" align="left" edge="left" width="100%" height="100%" bgcolor="0x000000" parent="scrollarea_1" visible="true"><layer row="1" name="tb_1_1" url="%FIRSTXML%/scene/1/T.jpg" zorder="100" alpha="0.8" blendmode="NORMAL" align="left" edge="center" x="0" y="0" ox="78" oy="0" width="150" height="56" refreshrate="" scale="1" smoothing="True" mask="" rotate="0" visible="True" enabled="True" capture="True" handcursor="True" keep="True" children="True" preload="False" Intro="" style="" effect="glow(0xFFFFFF,0.7,4,4);" scalechildren="False" crop="" onovercrop="" ondowncrop="" scale9grid="" onover="set(effect,glow(0x00FFFF,0.7,4,4););set(alpha,1);" onhover="showtext('前台 Front desk');" onout="set(effect,glow(0xFFFFFF,0.7,4,4););set(alpha,0.8);" onclick="_loadscene(1);" ondown="" onup="" onloaded=""><layer name="tb_title_1_1" url="%SWFPATH%/plugins/textfield.swf" zorder="100" alpha="0.8" blendmode="NORMAL" align="bottom" edge="bottom" x="0" y="0" ox="0" oy="0" width="100%" height="20" refreshrate="" scale="1" smoothing="True" mask="" rotate="0" visible="True" enabled="True" capture="True" handcursor="True" keep="True" children="True" preload="False" Intro="" style="" effect="" scalechildren="True" crop="" onovercrop="" ondowncrop="" scale9grid="" onover="" onhover="" onout="" onclick="" ondown="" onup="" onloaded="" html="&lt;html&gt;前台 Front desk&lt;/html&gt;" css="data:tb_title" autosize="center" background="True" backgroundcolor="0x333333" bordercolor="0x000000" borderwidth="0" roundedge="0" selectable="False" glow="0" glowcolor="0xFFFFFF" blur="0" shadow="0" textglow="0" textblur="0" textglowcolor="0xFFFFFF" textshadow="1" devices="flash" /></layer><layer row="2" name="tb_2_1" url="%FIRSTXML%/scene/2/T.jpg" zorder="100" alpha="0.8" blendmode="NORMAL" align="left" edge="center" x="153" y="0" ox="78" oy="0" width="150" height="56" refreshrate="" scale="1" smoothing="True" mask="" rotate="0" visible="True" enabled="True" capture="True" handcursor="True" keep="True" children="True" preload="False" Intro="" style="" effect="glow(0xFFFFFF,0.7,4,4);" scalechildren="False" crop="" onovercrop="" ondowncrop="" scale9grid="" onover="set(effect,glow(0x00FFFF,0.7,4,4););set(alpha,1);" onhover="showtext('办公区 Office Area');" onout="set(effect,glow(0xFFFFFF,0.7,4,4););set(alpha,0.8);" onclick="_loadscene(2);" ondown="" onup="" onloaded=""><layer name="tb_title_2_1" url="%SWFPATH%/plugins/textfield.swf" zorder="100" alpha="0.8" blendmode="NORMAL" align="bottom" edge="bottom" x="0" y="0" ox="0" oy="0" width="100%" height="20" refreshrate="" scale="1" smoothing="True" mask="" rotate="0" visible="True" enabled="True" capture="True" handcursor="True" keep="True" children="True" preload="False" Intro="" style="" effect="" scalechildren="True" crop="" onovercrop="" ondowncrop="" scale9grid="" onover="" onhover="" onout="" onclick="" ondown="" onup="" onloaded="" html="&lt;html&gt;办公区 Office Area&lt;/html&gt;" css="data:tb_title" autosize="center" background="True" backgroundcolor="0x333333" bordercolor="0x000000" borderwidth="0" roundedge="0" selectable="False" glow="0" glowcolor="0xFFFFFF" blur="0" shadow="0" textglow="0" textblur="0" textglowcolor="0xFFFFFF" textshadow="1" devices="flash" /></layer><layer row="3" name="tb_3_1" url="%FIRSTXML%/scene/3/T.jpg" zorder="100" alpha="0.8" blendmode="NORMAL" align="left" edge="center" x="306" y="0" ox="78" oy="0" width="150" height="56" refreshrate="" scale="1" smoothing="True" mask="" rotate="0" visible="True" enabled="True" capture="True" handcursor="True" keep="True" children="True" preload="False" Intro="" style="" effect="glow(0xFFFFFF,0.7,4,4);" scalechildren="False" crop="" onovercrop="" ondowncrop="" scale9grid="" onover="set(effect,glow(0x00FFFF,0.7,4,4););set(alpha,1);" onhover="showtext('总经办 GM Office');" onout="set(effect,glow(0xFFFFFF,0.7,4,4););set(alpha,0.8);" onclick="_loadscene(3);" ondown="" onup="" onloaded=""><layer name="tb_title_3_1" url="%SWFPATH%/plugins/textfield.swf" zorder="100" alpha="0.8" blendmode="NORMAL" align="bottom" edge="bottom" x="0" y="0" ox="0" oy="0" width="100%" height="20" refreshrate="" scale="1" smoothing="True" mask="" rotate="0" visible="True" enabled="True" capture="True" handcursor="True" keep="True" children="True" preload="False" Intro="" style="" effect="" scalechildren="True" crop="" onovercrop="" ondowncrop="" scale9grid="" onover="" onhover="" onout="" onclick="" ondown="" onup="" onloaded="" html="&lt;html&gt;总经办 GM Office&lt;/html&gt;" css="data:tb_title" autosize="center" background="True" backgroundcolor="0x333333" bordercolor="0x000000" borderwidth="0" roundedge="0" selectable="False" glow="0" glowcolor="0xFFFFFF" blur="0" shadow="0" textglow="0" textblur="0" textglowcolor="0xFFFFFF" textshadow="1" devices="flash" /></layer><layer row="4" name="tb_4_1" url="%FIRSTXML%/scene/4/T.jpg" zorder="100" alpha="0.8" blendmode="NORMAL" align="left" edge="center" x="459" y="0" ox="78" oy="0" width="150" height="56" refreshrate="" scale="1" smoothing="True" mask="" rotate="0" visible="True" enabled="True" capture="True" handcursor="True" keep="True" children="True" preload="False" Intro="" style="" effect="glow(0xFFFFFF,0.7,4,4);" scalechildren="False" crop="" onovercrop="" ondowncrop="" scale9grid="" onover="set(effect,glow(0x00FFFF,0.7,4,4););set(alpha,1);" onhover="showtext('会议室 Meeting Room');" onout="set(effect,glow(0xFFFFFF,0.7,4,4););set(alpha,0.8);" onclick="_loadscene(4);" ondown="" onup="" onloaded=""><layer name="tb_title_4_1" url="%SWFPATH%/plugins/textfield.swf" zorder="100" alpha="0.8" blendmode="NORMAL" align="bottom" edge="bottom" x="0" y="0" ox="0" oy="0" width="100%" height="20" refreshrate="" scale="1" smoothing="True" mask="" rotate="0" visible="True" enabled="True" capture="True" handcursor="True" keep="True" children="True" preload="False" Intro="" style="" effect="" scalechildren="True" crop="" onovercrop="" ondowncrop="" scale9grid="" onover="" onhover="" onout="" onclick="" ondown="" onup="" onloaded="" html="&lt;html&gt;会议室 Meeting Room&lt;/html&gt;" css="data:tb_title" autosize="center" background="True" backgroundcolor="0x333333" bordercolor="0x000000" borderwidth="0" roundedge="0" selectable="False" glow="0" glowcolor="0xFFFFFF" blur="0" shadow="0" textglow="0" textblur="0" textglowcolor="0xFFFFFF" textshadow="1" devices="flash" /></layer><layer row="5" name="tb_5_1" url="%FIRSTXML%/scene/5/T.jpg" zorder="100" alpha="0.8" blendmode="NORMAL" align="left" edge="center" x="612" y="0" ox="78" oy="0" width="150" height="56" refreshrate="" scale="1" smoothing="True" mask="" rotate="0" visible="True" enabled="True" capture="True" handcursor="True" keep="True" children="True" preload="False" Intro="" style="" effect="glow(0xFFFFFF,0.7,4,4);" scalechildren="False" crop="" onovercrop="" ondowncrop="" scale9grid="" onover="set(effect,glow(0x00FFFF,0.7,4,4););set(alpha,1);" onhover="showtext('仓库 Warehouse 1');" onout="set(effect,glow(0xFFFFFF,0.7,4,4););set(alpha,0.8);" onclick="_loadscene(5);" ondown="" onup="" onloaded=""><layer name="tb_title_5_1" url="%SWFPATH%/plugins/textfield.swf" zorder="100" alpha="0.8" blendmode="NORMAL" align="bottom" edge="bottom" x="0" y="0" ox="0" oy="0" width="100%" height="20" refreshrate="" scale="1" smoothing="True" mask="" rotate="0" visible="True" enabled="True" capture="True" handcursor="True" keep="True" children="True" preload="False" Intro="" style="" effect="" scalechildren="True" crop="" onovercrop="" ondowncrop="" scale9grid="" onover="" onhover="" onout="" onclick="" ondown="" onup="" onloaded="" html="&lt;html&gt;仓库 Warehouse 1&lt;/html&gt;" css="data:tb_title" autosize="center" background="True" backgroundcolor="0x333333" bordercolor="0x000000" borderwidth="0" roundedge="0" selectable="False" glow="0" glowcolor="0xFFFFFF" blur="0" shadow="0" textglow="0" textblur="0" textglowcolor="0xFFFFFF" textshadow="1" devices="flash" /></layer><layer row="6" name="tb_6_1" url="%FIRSTXML%/scene/6/T.jpg" zorder="100" alpha="0.8" blendmode="NORMAL" align="left" edge="center" x="765" y="0" ox="78" oy="0" width="150" height="56" refreshrate="" scale="1" smoothing="True" mask="" rotate="0" visible="True" enabled="True" capture="True" handcursor="True" keep="True" children="True" preload="False" Intro="" style="" effect="glow(0xFFFFFF,0.7,4,4);" scalechildren="False" crop="" onovercrop="" ondowncrop="" scale9grid="" onover="set(effect,glow(0x00FFFF,0.7,4,4););set(alpha,1);" onhover="showtext('电子仓 Warehouse 2');" onout="set(effect,glow(0xFFFFFF,0.7,4,4););set(alpha,0.8);" onclick="_loadscene(6);" ondown="" onup="" onloaded=""><layer name="tb_title_6_1" url="%SWFPATH%/plugins/textfield.swf" zorder="100" alpha="0.8" blendmode="NORMAL" align="bottom" edge="bottom" x="0" y="0" ox="0" oy="0" width="100%" height="20" refreshrate="" scale="1" smoothing="True" mask="" rotate="0" visible="True" enabled="True" capture="True" handcursor="True" keep="True" children="True" preload="False" Intro="" style="" effect="" scalechildren="True" crop="" onovercrop="" ondowncrop="" scale9grid="" onover="" onhover="" onout="" onclick="" ondown="" onup="" onloaded="" html="&lt;html&gt;电子仓 Warehouse 2&lt;/html&gt;" css="data:tb_title" autosize="center" background="True" backgroundcolor="0x333333" bordercolor="0x000000" borderwidth="0" roundedge="0" selectable="False" glow="0" glowcolor="0xFFFFFF" blur="0" shadow="0" textglow="0" textblur="0" textglowcolor="0xFFFFFF" textshadow="1" devices="flash" /></layer><layer row="7" name="tb_7_1" url="%FIRSTXML%/scene/7/T.jpg" zorder="100" alpha="0.8" blendmode="NORMAL" align="left" edge="center" x="918" y="0" ox="78" oy="0" width="150" height="56" refreshrate="" scale="1" smoothing="True" mask="" rotate="0" visible="True" enabled="True" capture="True" handcursor="True" keep="True" children="True" preload="False" Intro="" style="" effect="glow(0xFFFFFF,0.7,4,4);" scalechildren="False" crop="" onovercrop="" ondowncrop="" scale9grid="" onover="set(effect,glow(0x00FFFF,0.7,4,4););set(alpha,1);" onhover="showtext('前门 Entrance');" onout="set(effect,glow(0xFFFFFF,0.7,4,4););set(alpha,0.8);" onclick="_loadscene(7);" ondown="" onup="" onloaded=""><layer name="tb_title_7_1" url="%SWFPATH%/plugins/textfield.swf" zorder="100" alpha="0.8" blendmode="NORMAL" align="bottom" edge="bottom" x="0" y="0" ox="0" oy="0" width="100%" height="20" refreshrate="" scale="1" smoothing="True" mask="" rotate="0" visible="True" enabled="True" capture="True" handcursor="True" keep="True" children="True" preload="False" Intro="" style="" effect="" scalechildren="True" crop="" onovercrop="" ondowncrop="" scale9grid="" onover="" onhover="" onout="" onclick="" ondown="" onup="" onloaded="" html="&lt;html&gt;前门 Entrance&lt;/html&gt;" css="data:tb_title" autosize="center" background="True" backgroundcolor="0x333333" bordercolor="0x000000" borderwidth="0" roundedge="0" selectable="False" glow="0" glowcolor="0xFFFFFF" blur="0" shadow="0" textglow="0" textblur="0" textglowcolor="0xFFFFFF" textshadow="1" devices="flash" /></layer><layer row="8" name="tb_9_1" url="%FIRSTXML%/scene/9/T.jpg" zorder="100" alpha="0.8" blendmode="NORMAL" align="left" edge="center" x="1071" y="0" ox="78" oy="0" width="150" height="56" refreshrate="" scale="1" smoothing="True" mask="" rotate="0" visible="True" enabled="True" capture="True" handcursor="True" keep="True" children="True" preload="False" Intro="" style="" effect="glow(0xFFFFFF,0.7,4,4);" scalechildren="False" crop="" onovercrop="" ondowncrop="" scale9grid="" onover="set(effect,glow(0x00FFFF,0.7,4,4););set(alpha,1);" onhover="showtext('样品间 Display Area');" onout="set(effect,glow(0xFFFFFF,0.7,4,4););set(alpha,0.8);" onclick="_loadscene(9);" ondown="" onup="" onloaded=""><layer name="tb_title_9_1" url="%SWFPATH%/plugins/textfield.swf" zorder="100" alpha="0.8" blendmode="NORMAL" align="bottom" edge="bottom" x="0" y="0" ox="0" oy="0" width="100%" height="20" refreshrate="" scale="1" smoothing="True" mask="" rotate="0" visible="True" enabled="True" capture="True" handcursor="True" keep="True" children="True" preload="False" Intro="" style="" effect="" scalechildren="True" crop="" onovercrop="" ondowncrop="" scale9grid="" onover="" onhover="" onout="" onclick="" ondown="" onup="" onloaded="" html="&lt;html&gt;样品间 Display Area&lt;/html&gt;" css="data:tb_title" autosize="center" background="True" backgroundcolor="0x333333" bordercolor="0x000000" borderwidth="0" roundedge="0" selectable="False" glow="0" glowcolor="0xFFFFFF" blur="0" shadow="0" textglow="0" textblur="0" textglowcolor="0xFFFFFF" textshadow="1" devices="flash" /></layer><layer row="9" name="tb_10_1" url="%FIRSTXML%/scene/10/T.jpg" zorder="100" alpha="0.8" blendmode="NORMAL" align="left" edge="center" x="1224" y="0" ox="78" oy="0" width="150" height="56" refreshrate="" scale="1" smoothing="True" mask="" rotate="0" visible="True" enabled="True" capture="True" handcursor="True" keep="True" children="True" preload="False" Intro="" style="" effect="glow(0xFFFFFF,0.7,4,4);" scalechildren="False" crop="" onovercrop="" ondowncrop="" scale9grid="" onover="set(effect,glow(0x00FFFF,0.7,4,4););set(alpha,1);" onhover="showtext('喷漆房 Spray Room');" onout="set(effect,glow(0xFFFFFF,0.7,4,4););set(alpha,0.8);" onclick="_loadscene(10);" ondown="" onup="" onloaded=""><layer name="tb_title_10_1" url="%SWFPATH%/plugins/textfield.swf" zorder="100" alpha="0.8" blendmode="NORMAL" align="bottom" edge="bottom" x="0" y="0" ox="0" oy="0" width="100%" height="20" refreshrate="" scale="1" smoothing="True" mask="" rotate="0" visible="True" enabled="True" capture="True" handcursor="True" keep="True" children="True" preload="False" Intro="" style="" effect="" scalechildren="True" crop="" onovercrop="" ondowncrop="" scale9grid="" onover="" onhover="" onout="" onclick="" ondown="" onup="" onloaded="" html="&lt;html&gt;喷漆房 Spray Room&lt;/html&gt;" css="data:tb_title" autosize="center" background="True" backgroundcolor="0x333333" bordercolor="0x000000" borderwidth="0" roundedge="0" selectable="False" glow="0" glowcolor="0xFFFFFF" blur="0" shadow="0" textglow="0" textblur="0" textglowcolor="0xFFFFFF" textshadow="1" devices="flash" /></layer><layer row="10" name="tb_11_1" url="%FIRSTXML%/scene/11/T.jpg" zorder="100" alpha="0.8" blendmode="NORMAL" align="left" edge="center" x="1377" y="0" ox="78" oy="0" width="150" height="56" refreshrate="" scale="1" smoothing="True" mask="" rotate="0" visible="True" enabled="True" capture="True" handcursor="True" keep="True" children="True" preload="False" Intro="" style="" effect="glow(0xFFFFFF,0.7,4,4);" scalechildren="False" crop="" onovercrop="" ondowncrop="" scale9grid="" onover="set(effect,glow(0x00FFFF,0.7,4,4););set(alpha,1);" onhover="showtext('技术办公区 Technical Dept.');" onout="set(effect,glow(0xFFFFFF,0.7,4,4););set(alpha,0.8);" onclick="_loadscene(11);" ondown="" onup="" onloaded=""><layer name="tb_title_11_1" url="%SWFPATH%/plugins/textfield.swf" zorder="100" alpha="0.8" blendmode="NORMAL" align="bottom" edge="bottom" x="0" y="0" ox="0" oy="0" width="100%" height="20" refreshrate="" scale="1" smoothing="True" mask="" rotate="0" visible="True" enabled="True" capture="True" handcursor="True" keep="True" children="True" preload="False" Intro="" style="" effect="" scalechildren="True" crop="" onovercrop="" ondowncrop="" scale9grid="" onover="" onhover="" onout="" onclick="" ondown="" onup="" onloaded="" html="&lt;html&gt;技术办公区 Technical Dept.&lt;/html&gt;" css="data:tb_title" autosize="center" background="True" backgroundcolor="0x333333" bordercolor="0x000000" borderwidth="0" roundedge="0" selectable="False" glow="0" glowcolor="0xFFFFFF" blur="0" shadow="0" textglow="0" textblur="0" textglowcolor="0xFFFFFF" textshadow="1" devices="flash" /></layer><layer row="11" name="tb_12_1" url="%FIRSTXML%/scene/12/T.jpg" zorder="100" alpha="0.8" blendmode="NORMAL" align="left" edge="center" x="1530" y="0" ox="78" oy="0" width="150" height="56" refreshrate="" scale="1" smoothing="True" mask="" rotate="0" visible="True" enabled="True" capture="True" handcursor="True" keep="True" children="True" preload="False" Intro="" style="" effect="glow(0xFFFFFF,0.7,4,4);" scalechildren="False" crop="" onovercrop="" ondowncrop="" scale9grid="" onover="set(effect,glow(0x00FFFF,0.7,4,4););set(alpha,1);" onhover="showtext('技术研发区 R&amp;D Area');" onout="set(effect,glow(0xFFFFFF,0.7,4,4););set(alpha,0.8);" onclick="_loadscene(12);" ondown="" onup="" onloaded=""><layer name="tb_title_12_1" url="%SWFPATH%/plugins/textfield.swf" zorder="100" alpha="0.8" blendmode="NORMAL" align="bottom" edge="bottom" x="0" y="0" ox="0" oy="0" width="100%" height="20" refreshrate="" scale="1" smoothing="True" mask="" rotate="0" visible="True" enabled="True" capture="True" handcursor="True" keep="True" children="True" preload="False" Intro="" style="" effect="" scalechildren="True" crop="" onovercrop="" ondowncrop="" scale9grid="" onover="" onhover="" onout="" onclick="" ondown="" onup="" onloaded="" html="&lt;html&gt;技术研发区 R&amp;D Area&lt;/html&gt;" css="data:tb_title" autosize="center" background="True" backgroundcolor="0x333333" bordercolor="0x000000" borderwidth="0" roundedge="0" selectable="False" glow="0" glowcolor="0xFFFFFF" blur="0" shadow="0" textglow="0" textblur="0" textglowcolor="0xFFFFFF" textshadow="1" devices="flash" /></layer><layer row="12" name="tb_13_1" url="%FIRSTXML%/scene/13/T.jpg" zorder="100" alpha="0.8" blendmode="NORMAL" align="left" edge="center" x="1683" y="0" ox="78" oy="0" width="150" height="56" refreshrate="" scale="1" smoothing="True" mask="" rotate="0" visible="True" enabled="True" capture="True" handcursor="True" keep="True" children="True" preload="False" Intro="" style="" effect="glow(0xFFFFFF,0.7,4,4);" scalechildren="False" crop="" onovercrop="" ondowncrop="" scale9grid="" onover="set(effect,glow(0x00FFFF,0.7,4,4););set(alpha,1);" onhover="showtext('生产区 Production Area');" onout="set(effect,glow(0xFFFFFF,0.7,4,4););set(alpha,0.8);" onclick="_loadscene(13);" ondown="" onup="" onloaded=""><layer name="tb_title_13_1" url="%SWFPATH%/plugins/textfield.swf" zorder="100" alpha="0.8" blendmode="NORMAL" align="bottom" edge="bottom" x="0" y="0" ox="0" oy="0" width="100%" height="20" refreshrate="" scale="1" smoothing="True" mask="" rotate="0" visible="True" enabled="True" capture="True" handcursor="True" keep="True" children="True" preload="False" Intro="" style="" effect="" scalechildren="True" crop="" onovercrop="" ondowncrop="" scale9grid="" onover="" onhover="" onout="" onclick="" ondown="" onup="" onloaded="" html="&lt;html&gt;生产区 Production Area&lt;/html&gt;" css="data:tb_title" autosize="center" background="True" backgroundcolor="0x333333" bordercolor="0x000000" borderwidth="0" roundedge="0" selectable="False" glow="0" glowcolor="0xFFFFFF" blur="0" shadow="0" textglow="0" textblur="0" textglowcolor="0xFFFFFF" textshadow="1" devices="flash" /></layer><layer row="13" name="tb_14_1" url="%FIRSTXML%/scene/14/T.jpg" zorder="100" alpha="0.8" blendmode="NORMAL" align="left" edge="center" x="1836" y="0" ox="78" oy="0" width="150" height="56" refreshrate="" scale="1" smoothing="True" mask="" rotate="0" visible="True" enabled="True" capture="True" handcursor="True" keep="True" children="True" preload="False" Intro="" style="" effect="glow(0xFFFFFF,0.7,4,4);" scalechildren="False" crop="" onovercrop="" ondowncrop="" scale9grid="" onover="set(effect,glow(0x00FFFF,0.7,4,4););set(alpha,1);" onhover="showtext('老化区 Testing Area');" onout="set(effect,glow(0xFFFFFF,0.7,4,4););set(alpha,0.8);" onclick="_loadscene(14);" ondown="" onup="" onloaded=""><layer name="tb_title_14_1" url="%SWFPATH%/plugins/textfield.swf" zorder="100" alpha="0.8" blendmode="NORMAL" align="bottom" edge="bottom" x="0" y="0" ox="0" oy="0" width="100%" height="20" refreshrate="" scale="1" smoothing="True" mask="" rotate="0" visible="True" enabled="True" capture="True" handcursor="True" keep="True" children="True" preload="False" Intro="" style="" effect="" scalechildren="True" crop="" onovercrop="" ondowncrop="" scale9grid="" onover="" onhover="" onout="" onclick="" ondown="" onup="" onloaded="" html="&lt;html&gt;老化区 Testing Area&lt;/html&gt;" css="data:tb_title" autosize="center" background="True" backgroundcolor="0x333333" bordercolor="0x000000" borderwidth="0" roundedge="0" selectable="False" glow="0" glowcolor="0xFFFFFF" blur="0" shadow="0" textglow="0" textblur="0" textglowcolor="0xFFFFFF" textshadow="1" devices="flash" /></layer><layer row="14" name="tb_15_1" url="%FIRSTXML%/scene/15/T.jpg" zorder="100" alpha="0.8" blendmode="NORMAL" align="left" edge="center" x="1989" y="0" ox="78" oy="0" width="150" height="56" refreshrate="" scale="1" smoothing="True" mask="" rotate="0" visible="True" enabled="True" capture="True" handcursor="True" keep="True" children="True" preload="False" Intro="" style="" effect="glow(0xFFFFFF,0.7,4,4);" scalechildren="False" crop="" onovercrop="" ondowncrop="" scale9grid="" onover="set(effect,glow(0x00FFFF,0.7,4,4););set(alpha,1);" onhover="showtext('实验室 Lab');" onout="set(effect,glow(0xFFFFFF,0.7,4,4););set(alpha,0.8);" onclick="_loadscene(15);" ondown="" onup="" onloaded=""><layer name="tb_title_15_1" url="%SWFPATH%/plugins/textfield.swf" zorder="100" alpha="0.8" blendmode="NORMAL" align="bottom" edge="bottom" x="0" y="0" ox="0" oy="0" width="100%" height="20" refreshrate="" scale="1" smoothing="True" mask="" rotate="0" visible="True" enabled="True" capture="True" handcursor="True" keep="True" children="True" preload="False" Intro="" style="" effect="" scalechildren="True" crop="" onovercrop="" ondowncrop="" scale9grid="" onover="" onhover="" onout="" onclick="" ondown="" onup="" onloaded="" html="&lt;html&gt;实验室 Lab&lt;/html&gt;" css="data:tb_title" autosize="center" background="True" backgroundcolor="0x333333" bordercolor="0x000000" borderwidth="0" roundedge="0" selectable="False" glow="0" glowcolor="0xFFFFFF" blur="0" shadow="0" textglow="0" textblur="0" textglowcolor="0xFFFFFF" textshadow="1" devices="flash" /></layer></layer><action name="_setthumbs_1"> _show_tb_1(get(Set.TypeID),%1);
      //mul(dst,get(plugin[tb_%1_1].x),-1);
      //add(dst,dst,249);
      //if (dst LT 0,set(dst,0);)
      //tween(plugin[t_group_info].x,get(dst),0.4,linear); </action><action name="_show_tb_1">copy(plugin[tb_select_1].url,layer[tb_%2_1].url);
      copy(plugin[tb_select_1].parent,layer[tb_%2_1].parent);
      copy(plugin[tb_select_1].x,layer[tb_%2_1].x);
      copy(plugin[tb_select_1].y,layer[tb_%2_1].y);
      
      set(_pname_1,get(layer[tb_%2_1].parent));
      set(_p_pname_1,get(layer[get(_pname_1)].parent));
      plugin[get(_p_pname_1)].scrolltocenter(get(plugin[tb_select_1].x),get(plugin[tb_select_1].y));
      
      //set(plugin[container_].visible,true); </action><data name="tb_title">html{color:#FFFFFF;font-family:宋体;font-size:12px;text-align:center;}</data></krpano>