﻿<Project Name="赛诺杰" Skin="basic.skin" Width="100%" Height="100%" LockTF="True" Date="2014-08-03" Intro="" GoogleMapTF="False" CustomMapTF="True" DefScene_ID="1" Area_ID="" Key="" MapProject_ID="" Order="0" Version="3.5" SceneCount="14" CMapGrupTF="True" CMapViewTF="False" AutoTourTF="True" BingMapTF="False" ThGrupTF="False" MapProject_URL="" DefMap_ID="0"><krpano onstart="onpanoview();onpanoview();onpanoview();delayedcall(1,_playtourbksound());" basedir="%FIRSTXML%" logkey="False" showerrors="False" actionintervalbase="frame" bgcolor="0x000000" tweenintervalbase="action" idletime="0.5" colorcorrection="default" debugmode="False" /><area mode="align" x="0" y="0" width="100%" height="100%" left="0" top="0" right="0" bottom="0" align="lefttop" /><contextmenu fullscreen="True" enterfs="全屏模式" exitfs="退出全屏"><item name="旋转/暂停" caption="旋转/暂停" visible="True" enabled="True" separator="True" onclick="switch(autorotate.enabled);" /><item name="漫游者" caption="深圳漫游者三维全景制作 0755-82581196 www.szmyz.com" visible="True" enabled="True" separator="True" onclick="" /></contextmenu><Skin></Skin><TextStyles><textstyle name="DEFAULT" font="Arial, Helvetica, sans-serif" fontsize="12" bold="False" italic="False" background="True" backgroundcolor="0xFEFEFE" border="True" bordercolor="0xF6F6F6" textcolor="0x000000" alpha="0.8" blendmode="NORMAL" effect="" origin="cursor" edge="bottom" textalign="none" xoffset="0" yoffset="-3" noclip="False" showtime="0.1" fadetime="0" fadeintime="0" /></TextStyles><Actions><action name="_loadscene">if (%1!=,if (%1!=null,loadpano(%FIRSTXML%scene/%1/scene.xml, null, MERGE, BLEND(1.5),null);,);,);</action><action name="_onxmlcomplete">{setthumbs()}; _autoViewGroupMap({CMapViewTF});  {chooselayer()};
      
      
      set(theight,get(plugin[skin_scroll_window].height));
      set(_mtheight,get(plugin[Maincontainer_1].height));
      add(_addheight,_mtheight,10);
      if(theight==1,tween(plugin[skin_scroll_window].height,get(_addheight),0.5,easeOutQuad,set(enabled,true););set(plugin[Maincontainer_1].visible,true););
      //场景XML加载完成统一事件</action><action name="_onloadcomplete">//场景加载完成统一事件</action><action name="_onpreviewcomplete">set(plugin[skin_thumbtext].html,get(SSet.Scene_Name))//场景预览加载完成统一事件</action><action name="_setthumbs">//缩略图控制部分</action><action name="_loadautoscene">//if (%1!=,if (%1!=null,loadpano(%FIRSTXML%scene/%1/scene.xml, null, MERGE, BLEND(1.5),null);,);,);</action><action name="_ac_spot_onover"></action><action name="_ac_spot_onout"></action><action name="_ac_spot_onhover">showtext(get(hint));</action><action name="_onclick">//stopsound(asound);playsound(asound, %FIRSTXML%/Accessories/nosound.mp3, 1, _loadautoscene(get(SSet.Next_Scene_ID)););</action><action name="_onmousedown">//stopsound(asound);playsound(asound, %FIRSTXML%/Accessories/nosound.mp3, 1, _loadautoscene(get(SSet.Next_Scene_ID)););</action><action name="skin_buttonglow">if(%1 != null,
      set(strength,0.7);
      if(%2 != null, set(strength,%2));
      set(plugin[skin_buttonglow].parent, %1);
      set(plugin[skin_buttonglow].visible, true);
      tween(plugin[skin_buttonglow].alpha, get(strength), 0.07);
      ,
      tween(plugin[skin_buttonglow].alpha, 0.0, 0.1, default, set(plugin[skin_buttonglow].parent, null); set(plugin[skin_buttonglow].visible, false); );
      );</action><action name="_hideth">set(_theight,get(plugin[skin_scroll_window].height));
      if(_theight!=1,
      tween(plugin[skin_scroll_window].height,1,0.5,easeOutQuad,
      tween(plugin[skin_control_bar].y,-40,0.8,easeOutQuad);tween(plugin[skin_scroll_window].y,-1,0.8,easeOutQuad,set(plugin[skin_btn_show].visible,true);););
      set(plugin[Maincontainer_1].visible,false);
      ,
      tween(plugin[skin_scroll_window].y,-1,0.8,easeOutQuad);
      tween(plugin[skin_control_bar].y,-40,0.8,easeOutQuad);
      set(plugin[Maincontainer_1].visible,false);
      set(plugin[skin_btn_show].visible,true);
      );</action></Actions><Plugins><plugin type="container" bgcolor="0x000000" bgalpha="0.5" bgcapture="True" name="skin_control_bar" zorder="100" alpha="1.0" autoalpha="False" blendmode="NORMAL" align="leftbottom" edge="leftbottom" x="0" y="20" accuracy="0" usecontentsize="False" ox="0" oy="0" width="100%" height="40" refreshrate="" scale="1" smoothing="True" mask="" maskchildren="False" rotate="0" visible="True" enabled="True" capture="True" handcursor="False" keep="True" children="True" preload="True" pixelhittest="False" Intro="" style="" effect="" parent="" scalechildren="True" crop="" onovercrop="" ondowncrop="" scale9grid="" devices="all" alturl="" altscale="1" jsborder="" altonloaded="" onover="" onhover="" onout="" onclick="" ondown="" onup="" onloaded="" html="" css="" autosize="none" background="False" backgroundcolor="0xFFFFFF" bordercolor="0x000000" borderwidth="1" roundedge="0" selectable="False" glow="0" glowcolor="0xFFFFFF" blur="0" shadow="0" textglow="0" textblur="0" textglowcolor="0xFFFFFF" textshadow="" posterurl="" videourl="" volume="1" range="" directionalsound="False" buffertime="0.1" loop="True" pausedonstart="False" updateeveryframe="True" onvideocomplete="True" onvideoready="" onvideopaused="" onunsupported="" /><plugin type="image" bgcolor="0x000000" bgalpha="0" bgcapture="False" name="skin_btmborder" url="%FIRSTXML%/Accessories/vtourskin.png" zorder="100" alpha="1.0" autoalpha="False" blendmode="NORMAL" align="leftbottom" edge="lefttop" x="0" y="0" accuracy="0" usecontentsize="False" ox="0" oy="0" width="100%" height="12" refreshrate="" scale="1" smoothing="True" mask="" maskchildren="False" rotate="0" visible="True" enabled="False" capture="True" handcursor="True" keep="True" children="True" preload="False" pixelhittest="True" Intro="" style="" effect="" parent="skin_control_bar" scalechildren="True" crop="2|52|60|12" onovercrop="" ondowncrop="" scale9grid="" devices="all" alturl="" altscale="1" jsborder="" altonloaded="" onover="" onhover="" onout="" onclick="" ondown="" onup="" onloaded="" html="" css="" autosize="none" background="False" backgroundcolor="0xFFFFFF" bordercolor="0x000000" borderwidth="1" roundedge="0" selectable="False" glow="0" glowcolor="0xFFFFFF" blur="0" shadow="0" textglow="0" textblur="0" textglowcolor="0xFFFFFF" textshadow="" posterurl="" videourl="" volume="1" range="" directionalsound="False" buffertime="0.1" loop="True" pausedonstart="False" updateeveryframe="True" onvideocomplete="True" onvideoready="" onvideopaused="" onunsupported="" /><plugin type="image" bgcolor="0x000000" bgalpha="0" bgcapture="False" name="skin_btn_prev" url="%FIRSTXML%/Accessories/vtourskin.png" zorder="100" alpha="1" autoalpha="False" blendmode="NORMAL" align="left" edge="left" x="5" y="0" accuracy="0" usecontentsize="False" ox="0" oy="0" width="" height="" refreshrate="" scale="0.5" smoothing="True" mask="" maskchildren="False" rotate="0" visible="False" enabled="True" capture="False" handcursor="True" keep="True" children="True" preload="False" pixelhittest="False" Intro="" style="" effect="" parent="skin_control_bar" scalechildren="True" crop="0|64|64|64" onovercrop="" ondowncrop="" scale9grid="" devices="all" alturl="" altscale="0.5" jsborder="" altonloaded="" onover="" onhover="//set(_buttonglow,get(plugin[skin_buttonglow].visible)); &#xD;&#xA;//if(_buttonglow==false, &#xD;&#xA;//skin_buttonglow(get(name),0.3);set(onover,&quot;&quot;),&#xD;&#xA;//);" onout="skin_buttonglow(null);" onclick="set(plugin[skin_control_bar].enabled,false);&#xD;&#xA;_loadscene(get(SSet.Prev_Scene_ID));&#xD;&#xA;set(plugin[skin_control_bar].enabled,true);" ondown="skin_buttonglow(get(name),1);" onup="skin_buttonglow(get(name),0.3);" onloaded="" html="" css="" autosize="none" background="False" backgroundcolor="0xFFFFFF" bordercolor="0x000000" borderwidth="1" roundedge="0" selectable="False" glow="0" glowcolor="0xFFFFFF" blur="0" shadow="0" textglow="0" textblur="0" textglowcolor="0xFFFFFF" textshadow="" posterurl="" videourl="" volume="1" range="" directionalsound="False" buffertime="0.1" loop="True" pausedonstart="False" updateeveryframe="True" onvideocomplete="True" onvideoready="" onvideopaused="" onunsupported="" /><plugin type="image" bgcolor="0x000000" bgalpha="0" bgcapture="False" name="skin_btn_next" url="%FIRSTXML%/Accessories/vtourskin.png" zorder="100" alpha="1" autoalpha="False" blendmode="NORMAL" align="right" edge="right" x="5" y="0" accuracy="0" usecontentsize="False" ox="0" oy="0" width="" height="" refreshrate="" scale="0.5" smoothing="True" mask="" maskchildren="False" rotate="0" visible="False" enabled="True" capture="False" handcursor="True" keep="True" children="True" preload="False" pixelhittest="False" Intro="" style="" effect="" parent="skin_control_bar" scalechildren="True" crop="64|64|64|64" onovercrop="" ondowncrop="" scale9grid="" devices="all" alturl="" altscale="0.5" jsborder="" altonloaded="" onover="" onhover="//set(_buttonglow,get(plugin[skin_buttonglow].visible)); &#xD;&#xA;//if(_buttonglow==false, &#xD;&#xA;//skin_buttonglow(get(name),0.3);,&#xD;&#xA;//);" onout="skin_buttonglow(null);" onclick="set(plugin[skin_control_bar].enabled,false);&#xD;&#xA;_loadscene(get(SSet.Next_Scene_ID));&#xD;&#xA;set(plugin[skin_control_bar].enabled,true);" ondown="skin_buttonglow(get(name),1);" onup="skin_buttonglow(get(name),0.3);" onloaded="" html="" css="" autosize="none" background="False" backgroundcolor="0xFFFFFF" bordercolor="0x000000" borderwidth="1" roundedge="0" selectable="False" glow="0" glowcolor="0xFFFFFF" blur="0" shadow="0" textglow="0" textblur="0" textglowcolor="0xFFFFFF" textshadow="" posterurl="" videourl="" volume="1" range="" directionalsound="False" buffertime="0.1" loop="True" pausedonstart="False" updateeveryframe="True" onvideocomplete="True" onvideoready="" onvideopaused="" onunsupported="" /><plugin type="image" bgcolor="0x000000" bgalpha="0" bgcapture="False" name="skin_btn_thumbs" url="%FIRSTXML%/Accessories/vtourskin.png" zorder="100" alpha="1.0" autoalpha="False" blendmode="NORMAL" align="leftbottom" edge="leftbottom" x="50" y="4" accuracy="0" usecontentsize="False" ox="0" oy="0" width="" height="" refreshrate="" scale="0.5" smoothing="True" mask="" maskchildren="False" rotate="0" visible="True" enabled="True" capture="True" handcursor="True" keep="True" children="True" preload="False" pixelhittest="False" Intro="" style="" effect="" parent="skin_control_bar" scalechildren="True" crop="0|128|64|64" onovercrop="" ondowncrop="" scale9grid="" devices="all" alturl="" altscale="0.5" jsborder="" altonloaded="" onover="" onhover="//set(_buttonglow,get(plugin[skin_buttonglow].visible)); &#xD;&#xA;//if(_buttonglow==false, &#xD;&#xA;//skin_buttonglow(get(name),0.3);,&#xD;&#xA;//);" onout="skin_buttonglow(null);" onclick="set(enabled,false);&#xD;&#xA;set(theight,get(plugin[skin_scroll_window].height));&#xD;&#xA;set(_mtheight,get(plugin[Maincontainer_1].height));&#xD;&#xA;//js(alert(get(_mtheight)));&#xD;&#xA;add(_addheight,_mtheight,10);&#xD;&#xA;if(theight==1,tween(plugin[skin_scroll_window].height,get(_addheight),0.5,easeOutQuad,set(enabled,true););set(plugin[Maincontainer_1].visible,true);,tween(plugin[skin_scroll_window].height,1,0.5,easeOutQuad,set(enabled,true););set(plugin[Maincontainer_1].visible,false););" ondown="skin_buttonglow(get(name),1);" onup="skin_buttonglow(get(name),0.3);" onloaded="" html="" css="" autosize="none" background="False" backgroundcolor="0xFFFFFF" bordercolor="0x000000" borderwidth="1" roundedge="0" selectable="False" glow="0" glowcolor="0xFFFFFF" blur="0" shadow="0" textglow="0" textblur="0" textglowcolor="0xFFFFFF" textshadow="" posterurl="" videourl="" volume="1" range="" directionalsound="False" buffertime="0.1" loop="True" pausedonstart="False" updateeveryframe="True" onvideocomplete="True" onvideoready="" onvideopaused="" onunsupported="" /><plugin type="image" bgcolor="0x000000" bgalpha="0" bgcapture="False" name="skin_showmap" url="%FIRSTXML%/Accessories/vtourskin.png" zorder="100" alpha="0.5" autoalpha="False" blendmode="NORMAL" align="leftbottom" edge="leftbottom" x="90" y="4" accuracy="0" usecontentsize="False" ox="0" oy="0" width="" height="" refreshrate="" scale="0.5" smoothing="True" mask="" maskchildren="False" rotate="0" visible="True" enabled="True" capture="False" handcursor="True" keep="True" children="True" preload="False" pixelhittest="True" Intro="" style="" effect="" parent="skin_control_bar" scalechildren="True" crop="64|128|64|64" onovercrop="" ondowncrop="" scale9grid="" devices="all" alturl="" altscale="0.5" jsborder="" altonloaded="" onover="" onhover="" onout="" onclick="if(soundinterface.mute== false, set(soundinterface.mute,true);set(url,%FIRSTXML%/Plugin/soundon.png);, set(soundinterface.mute,false);set(url,%FIRSTXML%/Plugin/soundoff.png););" ondown="" onup="" onloaded="" html="" css="" autosize="none" background="False" backgroundcolor="0xFFFFFF" bordercolor="0x000000" borderwidth="1" roundedge="0" selectable="False" glow="0" glowcolor="0xFFFFFF" blur="0" shadow="0" textglow="0" textblur="0" textglowcolor="0xFFFFFF" textshadow="" posterurl="" videourl="" volume="1" range="" directionalsound="False" buffertime="0.1" loop="True" pausedonstart="False" updateeveryframe="True" onvideocomplete="True" onvideoready="" onvideopaused="" onunsupported="" /><plugin type="image" bgcolor="0x000000" bgalpha="0" bgcapture="False" name="skin_btn_lt" url="%FIRSTXML%/Accessories/vtourskin.png" zorder="100" alpha="1.0" autoalpha="False" blendmode="NORMAL" align="bottom" edge="bottom" x="-100" y="4" accuracy="0" usecontentsize="False" ox="0" oy="0" width="" height="" refreshrate="" scale="0.5" smoothing="True" mask="" maskchildren="False" rotate="0" visible="True" enabled="True" capture="True" handcursor="True" keep="True" children="True" preload="False" pixelhittest="False" Intro="" style="" effect="" parent="skin_control_bar" scalechildren="True" crop="0|192|64|64" onovercrop="" ondowncrop="" scale9grid="" devices="all" alturl="" altscale="0.5" jsborder="" altonloaded="" onover="" onhover="//set(_buttonglow,get(plugin[skin_buttonglow].visible)); &#xD;&#xA;//if(_buttonglow==false, &#xD;&#xA;//skin_buttonglow(get(name),0.3);,&#xD;&#xA;//);" onout="skin_buttonglow(null);" onclick="" ondown="set(hlookat_moveforce,-1);skin_buttonglow(get(name),1);" onup="set(hlookat_moveforce,0);skin_buttonglow(get(name),0.3);" onloaded="" html="" css="" autosize="none" background="False" backgroundcolor="0xFFFFFF" bordercolor="0x000000" borderwidth="1" roundedge="0" selectable="False" glow="0" glowcolor="0xFFFFFF" blur="0" shadow="0" textglow="0" textblur="0" textglowcolor="0xFFFFFF" textshadow="" posterurl="" videourl="" volume="1" range="" directionalsound="False" buffertime="0.1" loop="True" pausedonstart="False" updateeveryframe="True" onvideocomplete="True" onvideoready="" onvideopaused="" onunsupported="" /><plugin type="image" bgcolor="0x000000" bgalpha="0" bgcapture="False" name="skin_btn_rt" url="%FIRSTXML%/Accessories/vtourskin.png" zorder="100" alpha="1.0" autoalpha="False" blendmode="NORMAL" align="bottom" edge="bottom" x="-60" y="4" accuracy="0" usecontentsize="False" ox="0" oy="0" width="" height="" refreshrate="" scale="0.5" smoothing="True" mask="" maskchildren="False" rotate="0" visible="True" enabled="True" capture="True" handcursor="True" keep="True" children="True" preload="False" pixelhittest="False" Intro="" style="" effect="" parent="skin_control_bar" scalechildren="True" crop="64|192|64|64" onovercrop="" ondowncrop="" scale9grid="" devices="all" alturl="" altscale="0.5" jsborder="" altonloaded="" onover="" onhover="//set(_buttonglow,get(plugin[skin_buttonglow].visible)); &#xD;&#xA;//if(_buttonglow==false, &#xD;&#xA;//skin_buttonglow(get(name),0.3);,&#xD;&#xA;//);" onout="skin_buttonglow(null);" onclick="" ondown="set(hlookat_moveforce,+1);skin_buttonglow(get(name),1);" onup="set(hlookat_moveforce,0);skin_buttonglow(get(name),0.3);" onloaded="" html="" css="" autosize="none" background="False" backgroundcolor="0xFFFFFF" bordercolor="0x000000" borderwidth="1" roundedge="0" selectable="False" glow="0" glowcolor="0xFFFFFF" blur="0" shadow="0" textglow="0" textblur="0" textglowcolor="0xFFFFFF" textshadow="" posterurl="" videourl="" volume="1" range="" directionalsound="False" buffertime="0.1" loop="True" pausedonstart="False" updateeveryframe="True" onvideocomplete="True" onvideoready="" onvideopaused="" onunsupported="" /><plugin type="image" bgcolor="0x000000" bgalpha="0" bgcapture="False" name="skin_btn_up" url="%FIRSTXML%/Accessories/vtourskin.png" zorder="100" alpha="1.0" autoalpha="False" blendmode="NORMAL" align="bottom" edge="bottom" x="-20" y="4" accuracy="0" usecontentsize="False" ox="0" oy="0" width="" height="" refreshrate="" scale="0.5" smoothing="True" mask="" maskchildren="False" rotate="0" visible="True" enabled="True" capture="True" handcursor="True" keep="True" children="True" preload="False" pixelhittest="False" Intro="" style="" effect="" parent="skin_control_bar" scalechildren="True" crop="0|256|64|64" onovercrop="" ondowncrop="" scale9grid="" devices="all" alturl="" altscale="0.5" jsborder="" altonloaded="" onover="" onhover="//set(_buttonglow,get(plugin[skin_buttonglow].visible)); &#xD;&#xA;//if(_buttonglow==false, &#xD;&#xA;//skin_buttonglow(get(name),0.3);,&#xD;&#xA;//);" onout="skin_buttonglow(null);" onclick="" ondown="set(vlookat_moveforce,-1);skin_buttonglow(get(name),1);" onup="set(vlookat_moveforce,0);skin_buttonglow(get(name),0.3);" onloaded="" html="" css="" autosize="none" background="False" backgroundcolor="0xFFFFFF" bordercolor="0x000000" borderwidth="1" roundedge="0" selectable="False" glow="0" glowcolor="0xFFFFFF" blur="0" shadow="0" textglow="0" textblur="0" textglowcolor="0xFFFFFF" textshadow="" posterurl="" videourl="" volume="1" range="" directionalsound="False" buffertime="0.1" loop="True" pausedonstart="False" updateeveryframe="True" onvideocomplete="True" onvideoready="" onvideopaused="" onunsupported="" /><plugin type="image" bgcolor="0x000000" bgalpha="0" bgcapture="False" name="skin_btn_dn" url="%FIRSTXML%/Accessories/vtourskin.png" zorder="100" alpha="1.0" autoalpha="False" blendmode="NORMAL" align="bottom" edge="bottom" x="20" y="4" accuracy="0" usecontentsize="False" ox="0" oy="0" width="" height="" refreshrate="" scale="0.5" smoothing="True" mask="" maskchildren="False" rotate="0" visible="True" enabled="True" capture="True" handcursor="True" keep="True" children="True" preload="False" pixelhittest="False" Intro="" style="" effect="" parent="skin_control_bar" scalechildren="True" crop="64|256|64|64" onovercrop="" ondowncrop="" scale9grid="" devices="all" alturl="" altscale="0.5" jsborder="" altonloaded="" onover="" onhover="//set(_buttonglow,get(plugin[skin_buttonglow].visible)); &#xD;&#xA;//if(_buttonglow==false, &#xD;&#xA;//skin_buttonglow(get(name),0.3);,&#xD;&#xA;//);" onout="skin_buttonglow(null);" onclick="" ondown="set(vlookat_moveforce,+1);skin_buttonglow(get(name),1);" onup="set(vlookat_moveforce,0);skin_buttonglow(get(name),0.3);" onloaded="" html="" css="" autosize="none" background="False" backgroundcolor="0xFFFFFF" bordercolor="0x000000" borderwidth="1" roundedge="0" selectable="False" glow="0" glowcolor="0xFFFFFF" blur="0" shadow="0" textglow="0" textblur="0" textglowcolor="0xFFFFFF" textshadow="" posterurl="" videourl="" volume="1" range="" directionalsound="False" buffertime="0.1" loop="True" pausedonstart="False" updateeveryframe="True" onvideocomplete="True" onvideoready="" onvideopaused="" onunsupported="" /><plugin type="image" bgcolor="0x000000" bgalpha="0" bgcapture="False" name="skin_btn_in" url="%FIRSTXML%/Accessories/vtourskin.png" zorder="100" alpha="1.0" autoalpha="False" blendmode="NORMAL" align="bottom" edge="bottom" x="60" y="4" accuracy="0" usecontentsize="False" ox="0" oy="0" width="" height="" refreshrate="" scale="0.5" smoothing="True" mask="" maskchildren="False" rotate="0" visible="True" enabled="True" capture="True" handcursor="True" keep="True" children="True" preload="False" pixelhittest="False" Intro="" style="" effect="" parent="skin_control_bar" scalechildren="True" crop="0|320|64|64" onovercrop="" ondowncrop="" scale9grid="" devices="all" alturl="" altscale="0.5" jsborder="" altonloaded="" onover="" onhover="//set(_buttonglow,get(plugin[skin_buttonglow].visible)); &#xD;&#xA;//if(_buttonglow==false, &#xD;&#xA;//skin_buttonglow(get(name),0.3);,&#xD;&#xA;//);" onout="skin_buttonglow(null);" onclick="" ondown="set(fov_moveforce,-1);skin_buttonglow(get(name),1);" onup="set(fov_moveforce,0);skin_buttonglow(get(name),0.3);" onloaded="" html="" css="" autosize="none" background="False" backgroundcolor="0xFFFFFF" bordercolor="0x000000" borderwidth="1" roundedge="0" selectable="False" glow="0" glowcolor="0xFFFFFF" blur="0" shadow="0" textglow="0" textblur="0" textglowcolor="0xFFFFFF" textshadow="" posterurl="" videourl="" volume="1" range="" directionalsound="False" buffertime="0.1" loop="True" pausedonstart="False" updateeveryframe="True" onvideocomplete="True" onvideoready="" onvideopaused="" onunsupported="" /><plugin type="image" bgcolor="0x000000" bgalpha="0" bgcapture="False" name="skin_btn_ou" url="%FIRSTXML%/Accessories/vtourskin.png" zorder="100" alpha="1.0" autoalpha="False" blendmode="NORMAL" align="bottom" edge="bottom" x="100" y="4" accuracy="0" usecontentsize="False" ox="0" oy="0" width="" height="" refreshrate="" scale="0.5" smoothing="True" mask="" maskchildren="False" rotate="0" visible="True" enabled="True" capture="True" handcursor="True" keep="True" children="True" preload="False" pixelhittest="False" Intro="" style="" effect="" parent="skin_control_bar" scalechildren="True" crop="64|320|64|64" onovercrop="" ondowncrop="" scale9grid="" devices="all" alturl="" altscale="0.5" jsborder="" altonloaded="" onover="" onhover="//set(_buttonglow,get(plugin[skin_buttonglow].visible)); &#xD;&#xA;//if(_buttonglow==false, &#xD;&#xA;//skin_buttonglow(get(name),0.3);,&#xD;&#xA;//);" onout="skin_buttonglow(null);" onclick="" ondown="set(fov_moveforce,+1);skin_buttonglow(get(name),1);" onup="set(fov_moveforce,0);skin_buttonglow(get(name),0.3);" onloaded="" html="" css="" autosize="none" background="False" backgroundcolor="0xFFFFFF" bordercolor="0x000000" borderwidth="1" roundedge="0" selectable="False" glow="0" glowcolor="0xFFFFFF" blur="0" shadow="0" textglow="0" textblur="0" textglowcolor="0xFFFFFF" textshadow="" posterurl="" videourl="" volume="1" range="" directionalsound="False" buffertime="0.1" loop="True" pausedonstart="False" updateeveryframe="True" onvideocomplete="True" onvideoready="" onvideopaused="" onunsupported="" /><plugin type="image" bgcolor="0x000000" bgalpha="0" bgcapture="False" name="skin_btn_fs" url="%FIRSTXML%/Accessories/vtourskin.png" zorder="100" alpha="1.0" autoalpha="False" blendmode="NORMAL" align="bottom" edge="bottom" x="140" y="4" accuracy="0" usecontentsize="False" ox="0" oy="0" width="" height="" refreshrate="" scale="0.5" smoothing="True" mask="" maskchildren="False" rotate="0" visible="True" enabled="True" capture="True" handcursor="True" keep="True" children="True" preload="False" pixelhittest="False" Intro="skin_glow" style="" effect="" parent="skin_control_bar" scalechildren="True" crop="0|576|64|64" onovercrop="" ondowncrop="" scale9grid="" devices="all" alturl="" altscale="0.5" jsborder="" altonloaded="" onover="" onhover="//set(_buttonglow,get(plugin[skin_buttonglow].visible)); &#xD;&#xA;//if(_buttonglow==false, &#xD;&#xA;//skin_buttonglow(get(name),0.3);,&#xD;&#xA;//);" onout="//skin_buttonglow(null);" onclick="" ondown="switch(fullscreen);skin_buttonglow(get(name),1);" onup="skin_buttonglow(null);" onloaded="" html="" css="" autosize="none" background="False" backgroundcolor="0xFFFFFF" bordercolor="0x000000" borderwidth="1" roundedge="0" selectable="False" glow="0" glowcolor="0xFFFFFF" blur="0" shadow="0" textglow="0" textblur="0" textglowcolor="0xFFFFFF" textshadow="" posterurl="" videourl="" volume="1" range="" directionalsound="False" buffertime="0.1" loop="True" pausedonstart="False" updateeveryframe="True" onvideocomplete="True" onvideoready="" onvideopaused="" onunsupported="" /><plugin type="image" bgcolor="0x000000" bgalpha="0" bgcapture="False" name="skin_btn_hide" url="%FIRSTXML%/Accessories/vtourskin.png" zorder="100" alpha="1.0" autoalpha="False" blendmode="NORMAL" align="right" edge="right" x="50" y="0" accuracy="0" usecontentsize="False" ox="0" oy="0" width="" height="" refreshrate="" scale="0.5" smoothing="True" mask="" maskchildren="False" rotate="0" visible="True" enabled="True" capture="True" handcursor="True" keep="True" children="True" preload="False" pixelhittest="False" Intro="" style="" effect="" parent="skin_control_bar" scalechildren="True" crop="0|448|64|64" onovercrop="" ondowncrop="" scale9grid="" devices="all" alturl="" altscale="0.5" jsborder="" altonloaded="" onover="" onhover="//set(_buttonglow,get(plugin[skin_buttonglow].visible)); &#xD;&#xA;//if(_buttonglow==false, &#xD;&#xA;//skin_buttonglow(get(name),0.3);,&#xD;&#xA;//);" onout="skin_buttonglow(null);" onclick="_hideth();" ondown="skin_buttonglow(get(name),1);" onup="skin_buttonglow(get(name),0.3);" onloaded="" html="" css="" autosize="none" background="False" backgroundcolor="0xFFFFFF" bordercolor="0x000000" borderwidth="1" roundedge="0" selectable="False" glow="0" glowcolor="0xFFFFFF" blur="0" shadow="0" textglow="0" textblur="0" textglowcolor="0xFFFFFF" textshadow="" posterurl="" videourl="" volume="1" range="" directionalsound="False" buffertime="0.1" loop="True" pausedonstart="False" updateeveryframe="True" onvideocomplete="True" onvideoready="" onvideopaused="" onunsupported="" /><plugin type="image" bgcolor="0x000000" bgalpha="0" bgcapture="False" name="skin_btn_show" url="%FIRSTXML%/Accessories/vtourskin.png" zorder="100" alpha="1.0" autoalpha="False" blendmode="NORMAL" align="righttop" edge="rightbottom" x="50" y="0" accuracy="0" usecontentsize="False" ox="0" oy="0" width="" height="" refreshrate="" scale="0.5" smoothing="True" mask="" maskchildren="False" rotate="0" visible="False" enabled="True" capture="True" handcursor="True" keep="True" children="True" preload="False" pixelhittest="False" Intro="" style="" effect="" parent="skin_scroll_window" scalechildren="True" crop="64|448|64|64" onovercrop="" ondowncrop="" scale9grid="" devices="all" alturl="" altscale="0.5" jsborder="" altonloaded="" onover="" onhover="set(_buttonglow,get(plugin[skin_buttonglow].visible)); &#xD;&#xA;if(_buttonglow==false, &#xD;&#xA;skin_buttonglow(get(name),0.3);,&#xD;&#xA;);" onout="skin_buttonglow(null);//" onclick="tween(plugin[skin_control_bar].y,20,0.5,easeOutQuad);&#xD;&#xA;tween(plugin[skin_scroll_window].y,60,0.5,easeOutQuad);&#xD;&#xA;set(visible,false);" ondown="skin_buttonglow(get(name),1);" onup="skin_buttonglow(get(name),0.3);" onloaded="" html="" css="" autosize="none" background="False" backgroundcolor="0xFFFFFF" bordercolor="0x000000" borderwidth="1" roundedge="0" selectable="False" glow="0" glowcolor="0xFFFFFF" blur="0" shadow="0" textglow="0" textblur="0" textglowcolor="0xFFFFFF" textshadow="" posterurl="" videourl="" volume="1" range="" directionalsound="False" buffertime="0.1" loop="True" pausedonstart="False" updateeveryframe="True" onvideocomplete="True" onvideoready="" onvideopaused="" onunsupported="" /><plugin type="container" bgcolor="0x5599FF" bgalpha="0.1" bgcapture="True" name="skin_scroll_window" zorder="100" alpha="1.0" autoalpha="False" blendmode="NORMAL" align="leftbottom" edge="leftbottom" x="0" y="60" accuracy="0" usecontentsize="False" ox="0" oy="0" width="100%" height="1" refreshrate="" scale="1" smoothing="True" mask="" maskchildren="False" rotate="0" visible="True" enabled="True" capture="True" handcursor="False" keep="True" children="True" preload="False" pixelhittest="False" Intro="" style="" effect="" parent="" scalechildren="True" crop="" onovercrop="" ondowncrop="" scale9grid="" devices="all" alturl="" altscale="1" jsborder="" altonloaded="" onover="" onhover="" onout="" onclick="" ondown="" onup="" onloaded="" html="" css="" autosize="none" background="False" backgroundcolor="0xFFFFFF" bordercolor="0x000000" borderwidth="1" roundedge="0" selectable="False" glow="0" glowcolor="0xFFFFFF" blur="0" shadow="0" textglow="0" textblur="0" textglowcolor="0xFFFFFF" textshadow="" posterurl="" videourl="" volume="1" range="" directionalsound="False" buffertime="0.1" loop="True" pausedonstart="False" updateeveryframe="True" onvideocomplete="True" onvideoready="" onvideopaused="" onunsupported="" /><plugin direction="all" type="image" bgcolor="0x000000" bgalpha="0" bgcapture="False" name="skin_topborder" url="%FIRSTXML%/Accessories/vtourskin.png" zorder="100" alpha="1.0" autoalpha="False" blendmode="NORMAL" align="lefttop" edge="lefttop" x="0" y="-12" accuracy="0" usecontentsize="False" ox="0" oy="0" width="100%" height="" refreshrate="" scale="1" smoothing="True" mask="" maskchildren="False" rotate="0" visible="True" enabled="False" capture="False" handcursor="True" keep="True" children="True" preload="False" pixelhittest="False" Intro="" style="" effect="" parent="skin_scroll_window" scalechildren="True" crop="2|0|60|12" onovercrop="" ondowncrop="" scale9grid="" devices="all" alturl="" altscale="1" jsborder="" altonloaded="" onover="" onhover="" onout="" onclick="" ondown="" onup="" onloaded="" html="" css="" autosize="none" background="False" backgroundcolor="0xFFFFFF" bordercolor="0x000000" borderwidth="1" roundedge="0" selectable="False" glow="0" glowcolor="0xFFFFFF" blur="0" shadow="0" textglow="0" textblur="0" textglowcolor="0xFFFFFF" textshadow="" posterurl="" videourl="" volume="1" range="" directionalsound="False" buffertime="0.1" loop="True" pausedonstart="False" updateeveryframe="True" onvideocomplete="True" onvideoready="" onvideopaused="" onunsupported="" /><plugin type="image" bgcolor="0x000000" bgalpha="0" bgcapture="False" name="skin_buttonglow" url="" zorder="100" alpha="1.0" autoalpha="False" blendmode="NORMAL" align="center" edge="center" x="-109" y="13" accuracy="0" usecontentsize="False" ox="0" oy="0" width="" height="" refreshrate="" scale="2" smoothing="True" mask="" maskchildren="False" rotate="0" visible="True" enabled="True" capture="False" handcursor="True" keep="True" children="True" preload="False" pixelhittest="True" Intro="" style="" effect="" parent="" scalechildren="False" crop="64|384|64|64" onovercrop="" ondowncrop="" scale9grid="" devices="all" alturl="" altscale="2" jsborder="" altonloaded="" onover="" onhover="" onout="" onclick="" ondown="" onup="" onloaded="" html="" css="" autosize="none" background="False" backgroundcolor="0xFFFFFF" bordercolor="0x000000" borderwidth="1" roundedge="0" selectable="False" glow="0" glowcolor="0xFFFFFF" blur="0" shadow="0" textglow="0" textblur="0" textglowcolor="0xFFFFFF" textshadow="" posterurl="" videourl="" volume="1" range="" directionalsound="False" buffertime="0.1" loop="True" pausedonstart="False" updateeveryframe="True" onvideocomplete="True" onvideoready="" onvideopaused="" onunsupported="" /><plugin type="image" bgcolor="0x000000" bgalpha="0" bgcapture="False" name="skin_thumbtext" url="%SWFPATH%/plugins/textfield.swf" zorder="100" alpha="1.0" autoalpha="False" blendmode="NORMAL" align="lefttop" edge="leftbottom" x="16" y="0" accuracy="0" usecontentsize="False" ox="0" oy="0" width="300" height="30" refreshrate="" scale="1" smoothing="True" mask="" maskchildren="False" rotate="0" visible="True" enabled="True" capture="False" handcursor="True" keep="True" children="True" preload="False" pixelhittest="False" Intro="" style="" effect="" parent="skin_scroll_window" scalechildren="True" crop="" onovercrop="" ondowncrop="" scale9grid="" devices="all" alturl="" altscale="1" jsborder="" altonloaded="" onover="" onhover="" onout="" onclick="" ondown="" onup="" onloaded="" html="场景名称" css="color: #ffffff;&#xD;&#xA;font-size: 20x;&#xD;&#xA;margin-left:20px;&#xD;&#xA;font-weight:bold;" autosize="none" background="False" backgroundcolor="0xFFFFFF" bordercolor="0x000000" borderwidth="2" roundedge="0" selectable="True" glow="0" glowcolor="0xFFFFFF" blur="0" shadow="0" textglow="1" textblur="1" textglowcolor="0xFFFFFF" textshadow="3" posterurl="" videourl="" volume="1" range="" directionalsound="False" buffertime="0.1" loop="True" pausedonstart="False" updateeveryframe="True" onvideocomplete="True" onvideoready="" onvideopaused="" onunsupported="" /><plugin type="image" bgcolor="0x000000" bgalpha="0" bgcapture="False" name="skin_btn_gyro" url="%FIRSTXML%/Accessories/vtourskin.png" zorder="100" alpha="1" autoalpha="False" blendmode="NORMAL" align="bottom" edge="bottom" x="180" y="4" accuracy="0" usecontentsize="False" ox="0" oy="0" width="" height="" refreshrate="" scale="0.5" smoothing="True" mask="" maskchildren="False" rotate="0" visible="True" enabled="True" capture="False" handcursor="True" keep="True" children="True" preload="False" pixelhittest="True" Intro="" style="" effect="" parent="skin_control_bar" scalechildren="True" crop="0|380|64|64" onovercrop="" ondowncrop="" scale9grid="" devices="html5|iphone|ipad|android" alturl="" altscale="0.5" jsborder="" altonloaded="" onover="skin_buttonglow(null);" onhover="" onout="" onclick="if(plugin[gyro].enabled==true,set(plugin[gyro].enabled,false);,set(plugin[gyro].enabled,true););" ondown="skin_buttonglow(get(name),1);" onup="skin_buttonglow(get(name),0.3);" onloaded="" html="" css="" autosize="none" background="False" backgroundcolor="0xFFFFFF" bordercolor="0x000000" borderwidth="1" roundedge="0" selectable="False" glow="0" glowcolor="0xFFFFFF" blur="0" shadow="0" textglow="0" textblur="0" textglowcolor="0xFFFFFF" textshadow="" posterurl="" videourl="" volume="1" range="" directionalsound="False" buffertime="0.1" loop="True" pausedonstart="False" updateeveryframe="True" onvideocomplete="True" onvideoready="" onvideopaused="" onunsupported="" /><plugin type="image" bgcolor="0x000000" bgalpha="0" bgcapture="False" name="gyro" url="" zorder="100" alpha="1.0" autoalpha="False" blendmode="NORMAL" align="lefttop" edge="lefttop" x="0" y="0" accuracy="0" usecontentsize="False" ox="0" oy="0" width="" height="" refreshrate="" scale="1" smoothing="True" mask="" maskchildren="False" rotate="0" visible="False" enabled="True" capture="False" handcursor="True" keep="True" children="True" preload="False" pixelhittest="False" Intro="" style="" effect="" parent="" scalechildren="True" crop="" onovercrop="" ondowncrop="" scale9grid="" devices="html5|iphone|ipad|android" alturl="%FIRSTXML%/plugins/gyro.js" altscale="1" jsborder="" altonloaded="" onover="" onhover="" onout="" onclick="" ondown="" onup="" onloaded="" html="" css="" autosize="none" background="False" backgroundcolor="0xFFFFFF" bordercolor="0x000000" borderwidth="1" roundedge="0" selectable="False" glow="0" glowcolor="0xFFFFFF" blur="0" shadow="0" textglow="0" textblur="0" textglowcolor="0xFFFFFF" textshadow="" posterurl="" videourl="" volume="1" range="" directionalsound="False" buffertime="0.1" loop="True" pausedonstart="False" updateeveryframe="True" onvideocomplete="True" onvideoready="" onvideopaused="" onunsupported="" /><plugin type="image" bgcolor="0x000000" bgalpha="0" bgcapture="False" name="logo1" url="%FIRSTXML%/Plugin/logo112.png" zorder="100" alpha="1.0" autoalpha="False" blendmode="NORMAL" align="lefttop" edge="lefttop" x="0" y="0" accuracy="0" usecontentsize="False" ox="0" oy="0" width="" height="" refreshrate="" scale="0.75" smoothing="True" mask="" maskchildren="False" rotate="0" visible="True" enabled="True" capture="False" handcursor="True" keep="True" children="True" preload="False" pixelhittest="True" Intro="" style="" effect="" parent="" scalechildren="True" crop="" onovercrop="" ondowncrop="" scale9grid="" devices="all" alturl="" altscale="1" jsborder="" altonloaded="" onover="" onhover="" onout="" onclick="" ondown="" onup="" onloaded="" html="" css="" autosize="none" background="False" backgroundcolor="0xFFFFFF" bordercolor="0x000000" borderwidth="1" roundedge="0" selectable="False" glow="0" glowcolor="0xFFFFFF" blur="0" shadow="0" textglow="0" textblur="0" textglowcolor="0xFFFFFF" textshadow="" posterurl="" videourl="" volume="1" range="" directionalsound="False" buffertime="0.1" loop="True" pausedonstart="False" updateeveryframe="True" onvideocomplete="True" onvideoready="" onvideopaused="" onunsupported="" /><plugin type="image" bgcolor="0x000000" bgalpha="0" bgcapture="False" name="LOGO2" url="%FIRSTXML%/Plugin/2.png" zorder="100" alpha="1.0" autoalpha="False" blendmode="NORMAL" align="rightbottom" edge="rightbottom" x="0" y="180" accuracy="0" usecontentsize="False" ox="0" oy="0" width="" height="" refreshrate="" scale="1" smoothing="True" mask="" maskchildren="False" rotate="0" visible="True" enabled="True" capture="False" handcursor="True" keep="True" children="True" preload="False" pixelhittest="True" Intro="" style="" effect="" parent="" scalechildren="True" crop="" onovercrop="" ondowncrop="" scale9grid="" devices="all" alturl="" altscale="1" jsborder="" altonloaded="" onover="" onhover="" onout="" onclick="if(soundinterface.mute== false, set(soundinterface.mute,true);set(url,%FIRSTXML%/Plugin/soundon.png);, set(soundinterface.mute,false);set(url,%FIRSTXML%/Plugin/soundoff.png););" ondown="" onup="" onloaded="" html="" css="" autosize="none" background="False" backgroundcolor="0xFFFFFF" bordercolor="0x000000" borderwidth="1" roundedge="0" selectable="False" glow="0" glowcolor="0xFFFFFF" blur="0" shadow="0" textglow="0" textblur="0" textglowcolor="0xFFFFFF" textshadow="" posterurl="" videourl="" volume="1" range="" directionalsound="False" buffertime="0.1" loop="True" pausedonstart="False" updateeveryframe="True" onvideocomplete="True" onvideoready="" onvideopaused="" onunsupported="" /><plugin type="image" bgcolor="0x000000" bgalpha="0" bgcapture="False" name="music" url="%FIRSTXML%/Plugin/soundoff.png" zorder="101" alpha="1.0" autoalpha="False" blendmode="NORMAL" align="righttop" edge="righttop" x="0" y="0" accuracy="0" usecontentsize="False" ox="0" oy="0" width="" height="" refreshrate="" scale="1" smoothing="True" mask="" maskchildren="False" rotate="0" visible="True" enabled="True" capture="False" handcursor="True" keep="True" children="True" preload="False" pixelhittest="True" Intro="" style="" effect="" parent="" scalechildren="True" crop="" onovercrop="" ondowncrop="" scale9grid="" devices="all" alturl="" altscale="1" jsborder="" altonloaded="" onover="" onhover="" onout="" onclick="if(soundinterface.mute== false, set(soundinterface.mute,true);set(url,%FIRSTXML%/Plugin/soundon.png);, set(soundinterface.mute,false);set(url,%FIRSTXML%/Plugin/soundoff.png););" ondown="" onup="" onloaded="" html="" css="" autosize="none" background="False" backgroundcolor="0xFFFFFF" bordercolor="0x000000" borderwidth="1" roundedge="0" selectable="False" glow="0" glowcolor="0xFFFFFF" blur="0" shadow="0" textglow="0" textblur="0" textglowcolor="0xFFFFFF" textshadow="" posterurl="" videourl="" volume="1" range="" directionalsound="False" buffertime="0.1" loop="True" pausedonstart="False" updateeveryframe="True" onvideocomplete="True" onvideoready="" onvideopaused="" onunsupported="" /><plugin type="image" bgcolor="0x000000" bgalpha="0" bgcapture="False" name="music2" url="%FIRSTXML%/Plugin/soundon.png" zorder="100" alpha="1.0" autoalpha="False" blendmode="NORMAL" align="righttop" edge="righttop" x="0" y="0" accuracy="0" usecontentsize="False" ox="0" oy="0" width="" height="" refreshrate="" scale="1" smoothing="True" mask="" maskchildren="False" rotate="0" visible="True" enabled="True" capture="False" handcursor="True" keep="True" children="True" preload="False" pixelhittest="True" Intro="" style="" effect="" parent="" scalechildren="True" crop="" onovercrop="" ondowncrop="" scale9grid="" devices="all" alturl="" altscale="1" jsborder="" altonloaded="" onover="" onhover="" onout="" onclick="if(soundinterface.mute== false, set(soundinterface.mute,true);set(url,%FIRSTXML%/Plugin/soundon.png);, set(soundinterface.mute,false);set(url,%FIRSTXML%/Plugin/soundoff.png););" ondown="" onup="" onloaded="" html="" css="" autosize="none" background="False" backgroundcolor="0xFFFFFF" bordercolor="0x000000" borderwidth="1" roundedge="0" selectable="False" glow="0" glowcolor="0xFFFFFF" blur="0" shadow="0" textglow="0" textblur="0" textglowcolor="0xFFFFFF" textshadow="" posterurl="" videourl="" volume="1" range="" directionalsound="False" buffertime="0.1" loop="True" pausedonstart="False" updateeveryframe="True" onvideocomplete="True" onvideoready="" onvideopaused="" onunsupported="" /></Plugins><BKSound SceneSoundID="scenebksound" TourSoundID="tourbksound" mp3file="%FIRSTXML%/Accessories/snj.mp3" volume="2.0" pan="0.0" loops="0" oncomplete="" /><Google lng="0" lat="0" zoom="1" height="1" /><events onxmlcomplete="" onpreviewcomplete="" onloadcomplete="" onloaderror="" onkeydown="" onkeyup="" onclick="" onviewchange="" onidle="" onresize="" onenterfullscreen="" onexitfullscreen="" onmousedown="" onmouseup="" onmousewheel="" keep="True" onviewchanged="" /><display flash10="on" fps="60" details="32" tessmode="-1" movequality="LOW" stillquality="HIGHSHARP" stilltime="0.25" movequality10="LOW" stillquality10="HIGHSHARP" showpolys="False" html5rendermode="1" hardwarelimit="1024" /><control usercontrol="all" mousetype="moveto" movetocursor="arrow" cursorsize="10" mouseaccelerate="1.00" mousespeed="10.00" mousefriction="0.80" keybaccelerate="0.50" keybspeed="10.00" keybfriction="0.90" keybinvert="False" mousefovchange="1.00" keybfovchange="1.00" fovspeed="3.00" fovfriction="0.90" keycodesleft="37" keycodesright="39" keycodesup="38" keycodesdown="40" keycodesin="16,65,107" keycodesout="17,89,90,109" headswing="0" zoomtocursor="False" zoomoutcursor="True" touchfriction="0.87" trackpadzoom="True" touchtype="drag2dsmooth" /><autorotate enabled="True" waittime="1.5" accel="1" speed="4" horizon="0" tofov="off" /><progress showload="bar()" showwait="loopings()" showreloads="True" parent="" /><view fovtype="" maxpixelzoom="" hlookat="0" vlookat="0" fov="90" fovmin="30" fovmax="90" limitview="range" hlookatmin="-180" hlookatmax="180" vlookatmin="-90" vlookatmax="65" /><cursors url="" type="8way" move="" drag="" arrow_l="" arrow_lu="" arrow_ld="" arrow_r="" arrow_ru="" arrow_rd="" arrow_u="" arrow_d="" /><Thumbnails><Thumbnail id="1" name="图片" th_width="100%" th_height="100" width="150" height="56" padding="3" isViewLable="True" isViewText="True" borderColor="0x00FFFF" balpha="0.7" brange="4" bstrength="4" chooseColor="0xFF0000" calpha="0.7" crange="4" cstrength="4" defborderColor="0xFFFFFF" dalpha="0.7" drange="4" dstrength="4" rollType="H" parent="skin_scroll_window" align="lefttop" edge="lefttop" x="0" y="0" CreatDate="2014-12-05" zorder="100" groupTF="False" filterCheckTF="False" ISEnable="True" ThumbnailW="150" ThumbnailH="56" LeftControl="%FIRSTXML%/images/mapleft.png" LeftWidth="25" LeftHeight="42" RightControl="%FIRSTXML%/images/mapright.png" RightWidth="25" RightHeight="42" UpControl="%FIRSTXML%/images/mapup.png" UpWidth="42" UpHeight="25" DownControl="%FIRSTXML%/images/mapdown.png" DownWidth="42" DownHeight="25"><plugin direction="all" type="container" bgcolor="0xFFFFFF" bgalpha="0" bgcapture="False" maskchildren="false" children="true" name="Maincontainer_1" zorder="100" alpha="1.0" keep="true" align="lefttop" edge="lefttop" x="0" y="0" width="100%" height="100" parent="skin_scroll_window" ShowText="外部容器" /><plugin name="container_1" maskchildren="true" keep="true" direction="all" type="container" bgcolor="0xFFFFFF" bgalpha="0" bgcapture="False" zorder="100" alpha="1.0" align="lefttop" edge="lefttop" x="0" y="0" width="100%" height="100%" parent="Maincontainer_1" ShowText="内部容器" /><plugin name="LeftControl1" parent="Maincontainer_1" keep="true" url="%FIRSTXML%/images/mapleft.png" width="25" height="42" zorder="110" alpha="0.5" onover="tween(alpha,1)" onout="tween(alpha,0.5)" ShowText="左控制按钮" align="left" edge="right" ondown="asyncloop(pressed, plugin[scrollarea_1].scrollby(+1,0));" /><plugin name="RightControl1" parent="Maincontainer_1" keep="true" url="%FIRSTXML%/images/mapright.png" height="42" width="25" align="right" edge="left" zorder="110" alpha="0.5" onover="tween(alpha,1)" onout="tween(alpha,0.5)" ShowText="右控制按钮" ondown="asyncloop(pressed, plugin[scrollarea_1].scrollby(-1,0));" /><plugin name="scrollarea_1" type="image" bgcolor="0xFFFFFF" devices="all" url="%SWFPATH%/plugins/scrollarea.swf" alturl="%SWFPATH%/plugins/scrollarea.js" ShowText="滑动区域" parent="container_1" width="2145" height="100%" keep="true" direction="h" align="left" edge="left" /></Thumbnail></Thumbnails><Scene><Type></Type></Scene><Comboboxs></Comboboxs><Includes><include name="view" url="%FIRSTXML%/Include/view.xml" /></Includes><Maps><Map id="1" name="楼层一" title="1" url="%FIRSTXML%/Map/10.jpg" zorder="100" alpha="1.0" blendmode="NORMAL" align="lefttop" edge="lefttop" x="0" y="0" ox="0" oy="0" width="" height="" refreshrate="" scale="1" smoothing="True" mask="" rotate="0" visible="True" enabled="True" capture="False" handcursor="True" keep="True" children="True" preload="False" Intro="" dragmap="False" style="" effect="" parent="" scalechildren="True" onover="" onhover="" onout="" onclick="" ondown="" onup="" onloaded="" x_offset="0" y_offset="0" pix_m="" default="False" heading="0" hint="" radar_width="80" radar_height="80" radar_linecolor="0x000000" radar_fillcolor="0xFFFFFF" radar_scale="1" radar_smoothing="True" icon_init="%SWFPATH%Skin/images/spot/icon_init.png" icon_visit="%SWFPATH%Skin/images/spot/icon_visit.png" icon_onhover="%SWFPATH%Skin/images/spot/icon_onhover.png" icon_active="%SWFPATH%Skin/images/spot/icon_active.png" ac_show="set(plugin[{map_name}].visible,true);" ac_hidden="set(plugin[{map_name}].visible,false);" /><Map id="2" name="楼层二" title="2" url="%FIRSTXML%/Map/9.jpg" zorder="100" alpha="1.0" blendmode="NORMAL" align="lefttop" edge="lefttop" x="0" y="0" ox="0" oy="0" width="" height="" refreshrate="" scale="1" smoothing="True" mask="" rotate="0" visible="True" enabled="True" capture="False" handcursor="True" keep="True" children="True" preload="False" Intro="" dragmap="False" style="" effect="" parent="" scalechildren="True" onover="" onhover="" onout="" onclick="" ondown="" onup="" onloaded="" x_offset="0" y_offset="0" pix_m="" default="False" heading="0" hint="" radar_width="80" radar_height="80" radar_linecolor="0x000000" radar_fillcolor="0xFFFFFF" radar_scale="1" radar_smoothing="True" icon_init="%SWFPATH%Skin/images/spot/icon_init.png" icon_visit="%SWFPATH%Skin/images/spot/icon_visit.png" icon_onhover="%SWFPATH%Skin/images/spot/icon_onhover.png" icon_active="%SWFPATH%Skin/images/spot/icon_active.png" ac_show="set(plugin[{map_name}].visible,true);" ac_hidden="set(plugin[{map_name}].visible,false);" /></Maps></Project>